,asset_id,time,open,close,high,low,volatility,asset_symbol,Timestamp,Score
1442,2,2021-10-05 21:00:00,3528.27341386,3540.75804003,3543.33610638,3518.1386521,0.01499459,ETH,1633467600.0,3.5770318021201413
1443,2,2021-10-05 22:00:00,3541.17297322,3515.09162077,3546.24739409,3509.59364752,0.01569137,ETH,1633471200.0,3.6765232974910393
1444,2,2021-10-05 23:00:00,3516.0924152,3520.2704528,3528.86689933,3513.21096423,0.01622966,ETH,1633474800.0,3.713042566575802
1445,2,2021-10-06 00:00:00,3518.07642976,3526.05960856,3539.43225991,3506.58784695,0.01694142,ETH,1633478400.0,3.923497655917034
1446,2,2021-10-06 01:00:00,3525.73380823,3495.60387831,3525.73380823,3477.70694108,0.017028,ETH,1633482000.0,4.041871037205407
1447,2,2021-10-06 02:00:00,3496.55887632,3505.48445781,3509.83115068,3489.78994356,0.01717961,ETH,1633485600.0,3.894297352342159
1448,2,2021-10-06 03:00:00,3504.76684981,3489.29817971,3504.76684981,3480.54422734,0.01703816,ETH,1633489200.0,3.8181544028950545
1449,2,2021-10-06 04:00:00,3488.50324764,3476.31384947,3493.13481192,3465.67435504,0.01633118,ETH,1633492800.0,3.43858776727996
1450,2,2021-10-06 05:00:00,3476.74442679,3496.46508241,3499.04382679,3462.19551027,0.01608854,ETH,1633496400.0,3.1599506578947367
1451,2,2021-10-06 06:00:00,3496.54404545,3495.36214832,3504.90569596,3490.51317938,0.01616256,ETH,1633500000.0,3.1601690294438387
1452,2,2021-10-06 07:00:00,3494.92802383,3463.83523568,3495.21849874,3451.00906658,0.01528781,ETH,1633503600.0,3.641146149181322
1453,2,2021-10-06 08:00:00,3462.07675985,3385.70176703,3462.07675985,3364.72047931,0.01457942,ETH,1633507200.0,3.7286190793862577
1454,2,2021-10-06 09:00:00,3385.82917243,3369.94183853,3388.65535808,3351.61670172,0.01452293,ETH,1633510800.0,3.595142555438226
1455,2,2021-10-06 10:00:00,3370.15287244,3383.81608802,3399.87408813,3362.55456149,0.01469646,ETH,1633514400.0,3.5118503118503117
1456,2,2021-10-06 11:00:00,3385.53078148,3390.32793011,3415.0402256,3373.54724856,0.01485046,ETH,1633518000.0,3.3955202721859936
1457,2,2021-10-06 12:00:00,3388.86313339,3463.40982704,3466.90230368,3388.50951803,0.01484507,ETH,1633521600.0,3.2923190328763083
1458,2,2021-10-06 13:00:00,3462.33333514,3582.91798861,3622.49120985,3454.71733316,0.01591006,ETH,1633525200.0,3.4172131606972704
1459,2,2021-10-06 14:00:00,3583.39513308,3602.10479816,3605.84699084,3555.02668036,0.01721027,ETH,1633528800.0,3.6424833828312826
1460,2,2021-10-06 15:00:00,3602.93140625,3618.94382429,3636.95648862,3594.14450772,0.01840733,ETH,1633532400.0,3.397023034693531
1461,2,2021-10-06 16:00:00,3618.20184283,3601.1476806,3624.63282314,3575.3217398,0.01920428,ETH,1633536000.0,3.1531769457821968
1462,2,2021-10-06 17:00:00,3601.3833558,3581.65224857,3601.3833558,3565.34893938,0.01971981,ETH,1633539600.0,3.311276884324743
1463,2,2021-10-06 18:00:00,3582.02650023,3585.65062316,3607.9224484,3579.91081842,0.02005763,ETH,1633543200.0,3.7242680905910515
1464,2,2021-10-06 19:00:00,3585.9340632,3589.95224143,3600.1438094,3573.91428713,0.02037009,ETH,1633546800.0,4.020896313975073
1465,2,2021-10-06 20:00:00,3589.6999485,3562.41857665,3597.56829924,3557.0531355,0.02031363,ETH,1633550400.0,4.164531311282521
1466,2,2021-10-06 21:00:00,3563.28104047,3586.47110444,3589.22891242,3553.46179487,0.02020886,ETH,1633554000.0,3.842955276235019
1467,2,2021-10-06 22:00:00,3586.96442609,3589.26878424,3598.11771848,3574.6135626,0.02020029,ETH,1633557600.0,3.7822023567655423
1468,2,2021-10-06 23:00:00,3589.6365858,3576.28356408,3608.33189348,3575.63434649,0.01996119,ETH,1633561200.0,3.411706783369803
1469,2,2021-10-07 00:00:00,3574.66985041,3538.62835313,3574.66985041,3524.78422389,0.01947395,ETH,1633564800.0,2.9549732892393794
1470,2,2021-10-07 01:00:00,3538.03877581,3516.20015553,3547.1338077,3474.85483204,0.01915419,ETH,1633568400.0,3.6847302504816954
1471,2,2021-10-07 02:00:00,3516.8736703,3533.06212411,3557.32075998,3515.9956936,0.01906588,ETH,1633572000.0,3.655329314071209
1472,2,2021-10-07 03:00:00,3533.49619072,3521.46235346,3540.78963587,3512.66748166,0.01885905,ETH,1633575600.0,3.500469483568075
1473,2,2021-10-07 04:00:00,3521.05361474,3543.00232125,3554.60075001,3521.05361474,0.01874651,ETH,1633579200.0,3.4836467963021995
1474,2,2021-10-07 05:00:00,3543.7945051,3541.4079514,3545.32394228,3518.44641563,0.01864761,ETH,1633582800.0,3.6391956952704616
1475,2,2021-10-07 06:00:00,3540.45846751,3530.7643603,3549.77343986,3521.84177403,0.01852978,ETH,1633586400.0,3.7481657466284677
1476,2,2021-10-07 07:00:00,3530.75495997,3612.80945272,3612.80945272,3512.71732658,0.0187149,ETH,1633590000.0,3.816122373365797
1477,2,2021-10-07 08:00:00,3613.02080177,3590.67407474,3613.8022132,3579.26366893,0.01851329,ETH,1633593600.0,3.771703191080354
1478,2,2021-10-07 09:00:00,3590.30888643,3567.08943727,3590.30888643,3539.99192313,0.01825886,ETH,1633597200.0,3.641789684709313
1479,2,2021-10-07 10:00:00,3566.81324222,3553.23986576,3572.79688872,3543.27203175,0.01790741,ETH,1633600800.0,3.1226460881382256
1480,2,2021-10-07 11:00:00,3553.13529118,3576.94824036,3585.24610015,3553.13529118,0.01780547,ETH,1633604400.0,3.1352380034688765
1481,2,2021-10-07 12:00:00,3575.867741,3567.98818435,3586.30985645,3540.44738733,0.01781998,ETH,1633608000.0,3.196336832700469
1482,2,2021-10-07 13:00:00,3568.24584443,3631.21689032,3642.50080477,3561.24199091,0.01835056,ETH,1633611600.0,3.409493054941166
1483,2,2021-10-07 14:00:00,3631.95577701,3563.0978447,3631.95577701,3525.50013355,0.01839404,ETH,1633615200.0,3.6791570150338373
1484,2,2021-10-07 15:00:00,3563.05705484,3586.30516219,3601.35507399,3558.03973189,0.01851397,ETH,1633618800.0,3.5580666326456223
1485,2,2021-10-07 16:00:00,3586.72688548,3597.18935893,3606.49637348,3562.56698209,0.0186924,ETH,1633622400.0,3.489647812166489
1486,2,2021-10-07 17:00:00,3597.39255919,3610.579927,3623.98781637,3592.66924911,0.0189524,ETH,1633626000.0,3.198536047327785
1487,2,2021-10-07 18:00:00,3610.44974837,3593.29750389,3615.37242256,3585.28711389,0.01898815,ETH,1633629600.0,3.1775299722527617
1488,2,2021-10-07 19:00:00,3593.60135894,3606.76388015,3613.82648864,3593.60135894,0.01912105,ETH,1633633200.0,3.5070210631895686
1489,2,2021-10-07 20:00:00,3606.88697303,3624.62772949,3634.25878101,3606.88697303,0.01926828,ETH,1633636800.0,3.4341281310211946
1490,2,2021-10-07 21:00:00,3626.20565922,3636.0942863,3653.80728268,3619.7826174,0.01937058,ETH,1633640400.0,3.524555903866249
1491,2,2021-10-07 22:00:00,3635.91609802,3607.67787534,3637.80876393,3593.75539338,0.0193588,ETH,1633644000.0,3.7801644126226464
1492,2,2021-10-07 23:00:00,3607.77421264,3589.10187752,3607.77421264,3564.05809369,0.01923325,ETH,1633647600.0,3.761518614080354
1493,2,2021-10-08 00:00:00,3589.30666817,3605.97339341,3613.40845302,3579.7586621,0.01889462,ETH,1633651200.0,3.8710651142733936
1494,2,2021-10-08 01:00:00,3605.70386519,3609.411157,3616.23696581,3591.89824128,0.01734573,ETH,1633654800.0,3.8826946847960446
1495,2,2021-10-08 02:00:00,3609.00222216,3569.78637765,3613.92890166,3566.66332438,0.01502911,ETH,1633658400.0,3.81131221719457
1496,2,2021-10-08 03:00:00,3570.10825624,3575.50952648,3575.50952648,3555.54462934,0.0125696,ETH,1633662000.0,3.239595579590877
1497,2,2021-10-08 04:00:00,3575.39988696,3574.61123442,3580.75098088,3567.80530706,0.00958251,ETH,1633665600.0,3.2332210728891027
1498,2,2021-10-08 05:00:00,3572.89779719,3583.83923465,3583.83923465,3552.04546871,0.00811844,ETH,1633669200.0,3.5524628388225006
1499,2,2021-10-08 06:00:00,3585.7073054,3583.7522113,3592.37832626,3573.10812241,0.00811878,ETH,1633672800.0,3.3266502159161013
1500,2,2021-10-08 07:00:00,3583.27485262,3604.37479404,3615.19510391,3578.77253869,0.00813026,ETH,1633676400.0,3.3061334289813487
1501,2,2021-10-08 08:00:00,3604.50643178,3663.91244003,3674.24861284,3604.50643178,0.00873145,ETH,1633680000.0,3.5777457026636923
1502,2,2021-10-08 09:00:00,3663.28202286,3626.96503005,3664.90308772,3612.35487781,0.00890275,ETH,1633683600.0,3.6687931034482757
1503,2,2021-10-08 10:00:00,3626.53310954,3627.1181022,3638.89453637,3619.25589609,0.00909832,ETH,1633687200.0,3.3896787193552
1504,2,2021-10-08 11:00:00,3626.61095587,3612.16423936,3641.37572202,3612.16423936,0.00917565,ETH,1633690800.0,3.2902052691126555
1505,2,2021-10-08 12:00:00,3611.739509,3600.71333321,3618.01810736,3583.25179769,0.00919787,ETH,1633694400.0,3.697408485012518
1506,2,2021-10-08 13:00:00,3600.96596431,3598.65315353,3614.16077157,3584.69504848,0.00915762,ETH,1633698000.0,3.895699627224165
1507,2,2021-10-08 14:00:00,3598.40840902,3650.43019608,3655.67377279,3598.40840902,0.00956316,ETH,1633701600.0,3.5196937946371296
1508,2,2021-10-08 15:00:00,3650.74323139,3622.6545042,3650.78952299,3602.14631885,0.00967895,ETH,1633705200.0,3.9934099259345657
1509,2,2021-10-08 16:00:00,3622.73290558,3632.04007964,3643.24569778,3611.1046284,0.00983821,ETH,1633708800.0,4.2194473826784655
1510,2,2021-10-08 17:00:00,3631.97835095,3627.44533197,3640.50170444,3613.5152737,0.00969759,ETH,1633712400.0,3.881434720229555
1511,2,2021-10-08 18:00:00,3627.16037511,3626.13506352,3640.71768816,3624.94232205,0.00920428,ETH,1633716000.0,3.490721649484536
1512,2,2021-10-08 19:00:00,3626.26636327,3627.61263364,3634.74932975,3612.18341012,0.00889416,ETH,1633719600.0,3.4751374885426216
1513,2,2021-10-08 20:00:00,3627.47790311,3557.69604671,3627.47790311,3541.01933566,0.00843651,ETH,1633723200.0,3.504256933322094
1514,2,2021-10-08 21:00:00,3558.03195633,3576.31867451,3581.33003635,3556.01217668,0.00814264,ETH,1633726800.0,3.3419871169236774
1515,2,2021-10-08 22:00:00,3576.23066188,3579.47922144,3590.13258513,3570.55630358,0.00779281,ETH,1633730400.0,3.4591183789548525
1516,2,2021-10-08 23:00:00,3578.24021003,3565.44832833,3578.24021003,3553.57733602,0.00734358,ETH,1633734000.0,3.657979225684608
1517,2,2021-10-09 00:00:00,3565.65620849,3584.64073697,3584.64073697,3544.92389993,0.00735458,ETH,1633737600.0,3.693402011282806
1518,2,2021-10-09 01:00:00,3586.14682627,3562.37674317,3587.80229363,3558.56367664,0.00751976,ETH,1633741200.0,3.7633970542149795
1519,2,2021-10-09 02:00:00,3561.85639025,3575.96557039,3575.96557039,3550.29782109,0.00745769,ETH,1633744800.0,2.886515601783061
1520,2,2021-10-09 03:00:00,3577.32540298,3582.61724903,3590.6790666,3570.01163974,0.00721749,ETH,1633748400.0,3.2976163956337716
1521,2,2021-10-09 04:00:00,3581.23476826,3588.93240208,3589.08221315,3574.02642937,0.00716305,ETH,1633752000.0,3.8602985074626868
1522,2,2021-10-09 05:00:00,3588.35386577,3586.42103061,3588.50244912,3573.86366239,0.00704856,ETH,1633755600.0,3.421831869510665
1523,2,2021-10-09 06:00:00,3586.60325209,3601.33909345,3619.4029229,3586.60325209,0.00692172,ETH,1633759200.0,3.5074626865671643
1524,2,2021-10-09 07:00:00,3602.32193094,3606.24098516,3610.70014676,3591.35816632,0.00673145,ETH,1633762800.0,3.5781865965834427
1525,2,2021-10-09 08:00:00,3606.32003773,3582.89116058,3608.17715861,3571.79733274,0.00674722,ETH,1633766400.0,3.6382075810976047
1526,2,2021-10-09 09:00:00,3585.50618612,3599.26591327,3599.26591327,3579.65101384,0.00674554,ETH,1633770000.0,3.6767905711695374
1527,2,2021-10-09 10:00:00,3598.68573124,3613.35007997,3613.35007997,3586.24648463,0.00675385,ETH,1633773600.0,3.6539797852179405
1528,2,2021-10-09 11:00:00,3612.15656235,3597.9489441,3617.02708851,3593.35001964,0.00674651,ETH,1633777200.0,3.765204333369087
1529,2,2021-10-09 12:00:00,3600.31547072,3605.73737138,3611.42630011,3597.76866281,0.0067451,ETH,1633780800.0,3.8296527506827935
1530,2,2021-10-09 13:00:00,3603.97901815,3622.52571402,3633.84312844,3603.97901815,0.00673203,ETH,1633784400.0,3.6949374454466106
1531,2,2021-10-09 14:00:00,3624.44474624,3618.60863056,3628.93219213,3612.89531732,0.00660227,ETH,1633788000.0,3.5597826086956523
1532,2,2021-10-09 15:00:00,3617.95984124,3602.52663916,3618.90789923,3597.88177588,0.0065959,ETH,1633791600.0,3.446727293140227
1533,2,2021-10-09 16:00:00,3601.52916241,3588.17015411,3607.46749583,3578.49205515,0.00659911,ETH,1633795200.0,3.4184438888071775
1534,2,2021-10-09 17:00:00,3589.58969534,3596.1962778,3605.82120343,3586.39660982,0.00659766,ETH,1633798800.0,3.3261795543905635
1535,2,2021-10-09 18:00:00,3597.73799054,3600.83450942,3610.65707211,3588.78742459,0.00658595,ETH,1633802400.0,3.3577922077922078
1536,2,2021-10-09 19:00:00,3600.9085373,3586.41158136,3600.9085373,3582.99501376,0.00647904,ETH,1633806000.0,3.877091324573574
1537,2,2021-10-09 20:00:00,3583.76894622,3581.1355635,3583.76894622,3559.30837667,0.00644231,ETH,1633809600.0,3.9410370910416477
1538,2,2021-10-09 21:00:00,3583.3200591,3590.99498224,3590.99498224,3573.26343115,0.00635481,ETH,1633813200.0,3.7847461273666094
1539,2,2021-10-09 22:00:00,3591.69236019,3591.43598761,3591.69236019,3579.77320477,0.00632393,ETH,1633816800.0,3.829672078955747
1540,2,2021-10-09 23:00:00,3590.70109853,3577.22537982,3593.63262315,3572.30754513,0.00636435,ETH,1633820400.0,3.905491444488659
1541,2,2021-10-10 00:00:00,3577.01511733,3571.34941777,3585.94589538,3566.26592138,0.00648934,ETH,1633824000.0,3.8831266441187524
1542,2,2021-10-10 01:00:00,3570.06859043,3508.37583309,3570.06859043,3487.28932508,0.00702559,ETH,1633827600.0,3.911334352478707
1543,2,2021-10-10 02:00:00,3509.42582641,3530.2468223,3533.17687478,3492.39593449,0.00745039,ETH,1633831200.0,3.9589697514225817
1544,2,2021-10-10 03:00:00,3529.85040687,3534.0521695,3545.37403115,3525.11430445,0.00774153,ETH,1633834800.0,3.8576687116564417
1545,2,2021-10-10 04:00:00,3533.27145155,3572.45699772,3575.07786354,3514.65790198,0.00773415,ETH,1633838400.0,3.539898670044332
1546,2,2021-10-10 05:00:00,3572.89492962,3566.64258383,3580.23975578,3556.58663543,0.00779206,ETH,1633842000.0,3.363483146067416
1547,2,2021-10-10 06:00:00,3568.03922196,3598.0903116,3603.12582467,3566.45403079,0.00779095,ETH,1633845600.0,3.40955448201825
1548,2,2021-10-10 07:00:00,3597.39727895,3583.42140259,3602.90689625,3576.12431837,0.00732893,ETH,1633849200.0,3.398206150341686
1549,2,2021-10-10 08:00:00,3583.71925045,3591.19978295,3596.66337625,3579.52560937,0.00717486,ETH,1633852800.0,3.1933043313788536
1550,2,2021-10-10 09:00:00,3590.75414873,3573.68680708,3591.45156904,3560.82319321,0.00692715,ETH,1633856400.0,2.8266554590454844
1551,2,2021-10-10 10:00:00,3574.78966057,3569.83561992,3586.46261373,3566.47585423,0.00671901,ETH,1633860000.0,2.8530104271779346
1552,2,2021-10-10 11:00:00,3570.6969555,3568.30905858,3577.39499395,3556.36419808,0.00650315,ETH,1633863600.0,3.4199881023200476
1553,2,2021-10-10 12:00:00,3567.64963183,3547.28530535,3567.64963183,3535.37124985,0.00638674,ETH,1633867200.0,3.6312101545000286
1554,2,2021-10-10 13:00:00,3547.14118989,3552.08093551,3563.7928597,3531.81148151,0.00643112,ETH,1633870800.0,3.4885951931418075
1555,2,2021-10-10 14:00:00,3552.57031194,3553.96490187,3578.9531839,3550.47636494,0.00653602,ETH,1633874400.0,3.490651016787225
1556,2,2021-10-10 15:00:00,3553.87735978,3561.51955669,3564.92115799,3545.30914156,0.00658911,ETH,1633878000.0,3.7712904661960187
1557,2,2021-10-10 16:00:00,3560.80638072,3549.73135746,3565.15224199,3537.86979338,0.00669104,ETH,1633881600.0,3.629995702621401
1558,2,2021-10-10 17:00:00,3548.98697458,3526.26440069,3548.98697458,3510.08015112,0.00707731,ETH,1633885200.0,3.3730334069759658
1559,2,2021-10-10 18:00:00,3525.51907748,3531.06361052,3531.06361052,3510.29143935,0.00733888,ETH,1633888800.0,3.3900625205659756
1560,2,2021-10-10 19:00:00,3532.16804999,3532.69799569,3536.73552217,3526.32191839,0.007593,ETH,1633892400.0,3.368519821721792
1561,2,2021-10-10 20:00:00,3530.46625513,3515.94499851,3564.83300951,3514.86165167,0.00802904,ETH,1633896000.0,3.110491693611328
1562,2,2021-10-10 21:00:00,3514.56636557,3460.13925569,3514.56636557,3444.42536221,0.00941661,ETH,1633899600.0,3.1564295183384887
1563,2,2021-10-10 22:00:00,3461.84057509,3471.14825314,3472.11360788,3440.54113564,0.01035476,ETH,1633903200.0,3.603341417407707
1564,2,2021-10-10 23:00:00,3469.0334527,3417.2060353,3469.0334527,3410.46571873,0.01217335,ETH,1633906800.0,3.8087492103600757
1565,2,2021-10-11 00:00:00,3417.96655135,3446.30557504,3451.72584495,3380.00206311,0.01307218,ETH,1633910400.0,3.7758543500970005
1566,2,2021-10-11 01:00:00,3446.48279382,3455.11534485,3473.75921338,3441.24037673,0.01381839,ETH,1633914000.0,3.5706405148636224
1567,2,2021-10-11 02:00:00,3456.27591647,3480.97037408,3480.97037408,3456.27591647,0.01409151,ETH,1633917600.0,3.551128818061089
1568,2,2021-10-11 03:00:00,3480.01140556,3521.01525401,3523.12152269,3471.89897366,0.01392699,ETH,1633921200.0,3.6736311239193085
1569,2,2021-10-11 04:00:00,3521.86212522,3521.74530262,3540.53406113,3511.85321937,0.01384575,ETH,1633924800.0,3.2792445367348955
1570,2,2021-10-11 05:00:00,3521.87991721,3527.33666301,3528.60780016,3508.48904925,0.01366654,ETH,1633928400.0,3.0066331907507284
1571,2,2021-10-11 06:00:00,3528.2180344,3521.12165502,3531.08763205,3517.1758751,0.0133211,ETH,1633932000.0,2.913294797687861
1572,2,2021-10-11 07:00:00,3520.88837785,3578.38280451,3580.94937521,3520.88837785,0.01301133,ETH,1633935600.0,3.361023325808879
1573,2,2021-10-11 08:00:00,3578.69351008,3603.40846121,3621.72200225,3578.69351008,0.01301885,ETH,1633939200.0,3.5482093663911844
1574,2,2021-10-11 09:00:00,3603.70166661,3581.81559924,3618.41220695,3567.33215121,0.01298163,ETH,1633942800.0,3.277138065958636
1575,2,2021-10-11 10:00:00,3583.22503986,3562.98402898,3592.84075322,3562.98402898,0.01281001,ETH,1633946400.0,3.538062973296134
1576,2,2021-10-11 11:00:00,3562.68180529,3560.56140509,3573.09872269,3539.73980995,0.0125861,ETH,1633950000.0,3.5588598731361727
1577,2,2021-10-11 12:00:00,3561.33495642,3572.54356646,3579.7516044,3555.44424936,0.01250921,ETH,1633953600.0,3.635110685398042
1578,2,2021-10-11 13:00:00,3573.62037742,3594.57842753,3610.08422596,3573.62037742,0.01260114,ETH,1633957200.0,3.529151384848868
1579,2,2021-10-11 14:00:00,3594.70674352,3601.26356968,3605.16196099,3576.37762485,0.01268344,ETH,1633960800.0,3.339640002300305
1580,2,2021-10-11 15:00:00,3600.40310027,3597.54010911,3604.33452009,3588.09209233,0.01273039,ETH,1633964400.0,3.423338607594937
1581,2,2021-10-11 16:00:00,3598.1466137,3582.84983607,3602.4004274,3578.93985602,0.012761,ETH,1633968000.0,3.500189214758751
1582,2,2021-10-11 17:00:00,3582.78235415,3570.39467359,3587.78047956,3557.40428253,0.01275715,ETH,1633971600.0,3.3373345222580424
1583,2,2021-10-11 18:00:00,3571.20081939,3559.96775912,3571.26959917,3553.78837594,0.01267193,ETH,1633975200.0,3.2219815917704384
1584,2,2021-10-11 19:00:00,3558.45942867,3523.23790212,3576.33315208,3523.23790212,0.01269208,ETH,1633978800.0,3.327646215791988
1585,2,2021-10-11 20:00:00,3522.28520435,3499.26583387,3522.28520435,3478.25892371,0.01284215,ETH,1633982400.0,3.758342361863489
1586,2,2021-10-11 21:00:00,3499.0907061,3525.05143,3534.27379881,3490.06041883,0.01280824,ETH,1633986000.0,3.889113667973195
1587,2,2021-10-11 22:00:00,3529.10988953,3524.55382355,3543.3449824,3517.39582979,0.01279123,ETH,1633989600.0,3.8599919419822726
1588,2,2021-10-11 23:00:00,3521.34441609,3551.63223919,3551.63223919,3514.80115046,0.01255585,ETH,1633993200.0,3.8653204565408252
1589,2,2021-10-12 00:00:00,3545.168892,3507.07878611,3545.168892,3486.28274071,0.01249754,ETH,1633996800.0,3.50218406386504
1590,2,2021-10-12 01:00:00,3508.57515887,3523.80376637,3528.76075643,3495.62283271,0.01229702,ETH,1634000400.0,3.2889564336372845
1591,2,2021-10-12 02:00:00,3521.85783406,3487.29910201,3521.85783406,3482.98855975,0.01238164,ETH,1634004000.0,3.6946836946836945
1592,2,2021-10-12 03:00:00,3486.67156259,3490.50616178,3491.79731736,3457.28807273,0.01243786,ETH,1634007600.0,3.6164004914004915
1593,2,2021-10-12 04:00:00,3489.94338829,3501.68488272,3504.02452167,3480.95539574,0.01241584,ETH,1634011200.0,3.60681765117908
1594,2,2021-10-12 05:00:00,3500.76285224,3514.69499329,3517.70116573,3468.94562312,0.01241961,ETH,1634014800.0,3.641955098222638
1595,2,2021-10-12 06:00:00,3514.67273153,3483.40789253,3516.97094496,3482.06602667,0.01255624,ETH,1634018400.0,3.874621969347481
1596,2,2021-10-12 07:00:00,3483.39928624,3485.40715077,3492.59089162,3474.80927205,0.01265329,ETH,1634022000.0,3.8470211915233907
1597,2,2021-10-12 08:00:00,3486.30265293,3502.31058161,3509.25848181,3481.08815334,0.01261029,ETH,1634025600.0,3.6432962038520285
1598,2,2021-10-12 09:00:00,3501.22930072,3441.47310036,3501.22930072,3429.67020828,0.0130999,ETH,1634029200.0,3.58449895837762
1599,2,2021-10-12 10:00:00,3442.56316988,3466.83176714,3466.83176714,3425.07520263,0.01333546,ETH,1634032800.0,3.1356478611283323
1600,2,2021-10-12 11:00:00,3466.80661355,3461.70624834,3468.7308077,3455.55499888,0.01359157,ETH,1634036400.0,3.19969060203687
1601,2,2021-10-12 12:00:00,3460.72925287,3422.84407326,3460.72925287,3412.00970452,0.01424051,ETH,1634040000.0,3.8202796151533374
1602,2,2021-10-12 13:00:00,3423.05066824,3501.37845733,3513.50840196,3423.05066824,0.0142595,ETH,1634043600.0,3.771407644160341
1603,2,2021-10-12 14:00:00,3500.52619895,3488.65940427,3543.14777638,3474.72921904,0.01408579,ETH,1634047200.0,3.485643632367083
1604,2,2021-10-12 15:00:00,3490.69590725,3510.36655423,3512.04239493,3472.60457938,0.01392999,ETH,1634050800.0,2.9559471365638768
1605,2,2021-10-12 16:00:00,3509.61678483,3518.53815697,3527.28663642,3493.58721088,0.01315226,ETH,1634054400.0,2.6862709060834407
1606,2,2021-10-12 17:00:00,3519.11815632,3492.01157989,3520.12621782,3488.86530621,0.01278318,ETH,1634058000.0,2.8883814720360594
1607,2,2021-10-12 18:00:00,3492.75132567,3493.08442741,3503.60043394,3489.72281578,0.01249213,ETH,1634061600.0,3.375623349955999
1608,2,2021-10-12 19:00:00,3491.81905374,3469.59135749,3500.69501385,3469.38070649,0.01257837,ETH,1634065200.0,3.470864357397216
1609,2,2021-10-12 20:00:00,3469.01260098,3483.02786495,3492.24959197,3428.83020952,0.01270311,ETH,1634068800.0,3.4808355503005224
1610,2,2021-10-12 21:00:00,3483.03015812,3490.01552343,3493.38380931,3476.99596432,0.01278342,ETH,1634072400.0,3.5770328102710414
1611,2,2021-10-12 22:00:00,3492.25187943,3506.25111978,3511.92306263,3487.40098118,0.01279914,ETH,1634076000.0,3.8012007441231184
1612,2,2021-10-12 23:00:00,3506.10829106,3497.02451542,3512.74329806,3491.80549147,0.0128436,ETH,1634079600.0,3.6930192473427175
1613,2,2021-10-13 00:00:00,3494.68720126,3526.41629427,3531.30073696,3492.13499146,0.0125841,ETH,1634083200.0,3.5872691437331192
1614,2,2021-10-13 01:00:00,3526.75767258,3501.86678648,3529.64977708,3501.16249593,0.01202472,ETH,1634086800.0,3.0863646032758987
1615,2,2021-10-13 02:00:00,3502.17094579,3519.05594498,3519.05594498,3497.27145232,0.01166684,ETH,1634090400.0,3.041860994198612
1616,2,2021-10-13 03:00:00,3520.54085056,3504.90476292,3520.54085056,3504.50655573,0.01147615,ETH,1634094000.0,3.7840438489646773
1617,2,2021-10-13 04:00:00,3503.21883898,3509.76147783,3515.52143407,3497.06547387,0.01128384,ETH,1634097600.0,3.8605863192182412
1618,2,2021-10-13 05:00:00,3508.89348003,3454.26050319,3513.02337061,3454.26050319,0.01124,ETH,1634101200.0,3.5745584239130435
1619,2,2021-10-13 06:00:00,3451.21600512,3461.82198843,3469.33939804,3450.81109759,0.01076183,ETH,1634104800.0,3.1777096518987342
1620,2,2021-10-13 07:00:00,3463.85323494,3429.9036638,3463.98794769,3428.96293351,0.01040437,ETH,1634108400.0,3.0716794588265905
1621,2,2021-10-13 08:00:00,3430.51528167,3427.76231813,3455.70237485,3427.76231813,0.00999437,ETH,1634112000.0,3.2626913779210316
1622,2,2021-10-13 09:00:00,3426.92998322,3449.92936568,3450.99881928,3419.39389353,0.00945341,ETH,1634115600.0,3.2686843730697963
1623,2,2021-10-13 10:00:00,3451.11275768,3451.15898145,3467.15206179,3443.42322381,0.00900594,ETH,1634119200.0,3.334779041144063
1624,2,2021-10-13 11:00:00,3451.90319459,3470.4718035,3470.4718035,3447.86975482,0.00850784,ETH,1634122800.0,3.595127819548872
1625,2,2021-10-13 12:00:00,3470.97985937,3473.88551608,3478.83661997,3456.32583375,0.00839785,ETH,1634126400.0,3.691329479768786
1626,2,2021-10-13 13:00:00,3473.28304537,3444.30807171,3473.28304537,3440.91406466,0.0086066,ETH,1634130000.0,3.8644460938949714
1627,2,2021-10-13 14:00:00,3443.98527144,3489.41243536,3504.38060591,3421.31923623,0.00843504,ETH,1634133600.0,3.8127255287078063
1628,2,2021-10-13 15:00:00,3489.32090354,3487.42720304,3512.11541945,3482.93715542,0.00825552,ETH,1634137200.0,3.390267175572519
1629,2,2021-10-13 16:00:00,3487.88119913,3494.35725166,3512.0951943,3487.88119913,0.00770363,ETH,1634140800.0,3.4596338733043592
1630,2,2021-10-13 17:00:00,3497.05354689,3513.73340517,3521.07674061,3497.05354689,0.00774917,ETH,1634144400.0,3.772476037221017
1631,2,2021-10-13 18:00:00,3509.96951242,3514.6170374,3539.22609302,3509.96951242,0.007665,ETH,1634148000.0,3.796891358621245
1632,2,2021-10-13 19:00:00,3514.36397672,3522.86802534,3530.81949495,3511.04864845,0.00785564,ETH,1634151600.0,3.4825912503235825
1633,2,2021-10-13 20:00:00,3523.19363995,3574.33827218,3581.10421149,3523.19363995,0.00879661,ETH,1634155200.0,3.352764680668667
1634,2,2021-10-13 21:00:00,3574.60655075,3573.78388312,3586.02947247,3572.54955961,0.00958191,ETH,1634158800.0,3.436793975255514
1635,2,2021-10-13 22:00:00,3574.48386442,3604.56513309,3606.27541095,3574.48386442,0.0108134,ETH,1634162400.0,3.697817836812144
1636,2,2021-10-13 23:00:00,3605.48898393,3607.7461552,3611.9544703,3584.28536604,0.01197055,ETH,1634166000.0,3.7187133129842684
1637,2,2021-10-14 00:00:00,3609.05526783,3604.42351694,3631.11034419,3593.96477084,0.01291202,ETH,1634169600.0,3.7095217200526545
1638,2,2021-10-14 01:00:00,3604.34547292,3646.3714657,3647.84987246,3604.34547292,0.01449177,ETH,1634173200.0,3.9121057985757886
1639,2,2021-10-14 02:00:00,3646.4880443,3636.88307433,3654.8558914,3630.19189642,0.01542571,ETH,1634176800.0,3.9036110851917516
1640,2,2021-10-14 03:00:00,3637.52871386,3644.90712658,3653.91132649,3629.35679325,0.01648792,ETH,1634180400.0,3.6718671783747707
1641,2,2021-10-14 04:00:00,3644.16826437,3653.06580811,3654.94385586,3633.25109478,0.01748793,ETH,1634184000.0,3.1795462019072676
1642,2,2021-10-14 05:00:00,3651.79166394,3638.15052544,3661.17299709,3635.91272596,0.01779971,ETH,1634187600.0,3.258060892034603
1643,2,2021-10-14 06:00:00,3636.54056449,3625.87667397,3644.02372272,3616.46786258,0.0183671,ETH,1634191200.0,3.1881059470264868
1644,2,2021-10-14 07:00:00,3627.09686405,3631.26091403,3634.74169524,3619.06694476,0.01889161,ETH,1634194800.0,3.231926605504587
1645,2,2021-10-14 08:00:00,3630.4427892,3644.11509996,3646.69686673,3629.14834034,0.01955607,ETH,1634198400.0,3.5046721871913697
1646,2,2021-10-14 09:00:00,3644.73443368,3632.19967505,3644.73443368,3621.91835182,0.02004749,ETH,1634202000.0,3.4517119821297686
1647,2,2021-10-14 10:00:00,3631.80504103,3639.68947842,3649.75947345,3626.50010228,0.02048836,ETH,1634205600.0,3.576546892341842
1648,2,2021-10-14 11:00:00,3640.13216652,3735.10457921,3741.19294443,3640.13216652,0.02213273,ETH,1634209200.0,3.663589412524209
1649,2,2021-10-14 12:00:00,3735.165196,3734.29193752,3754.62307954,3723.12959075,0.02339118,ETH,1634212800.0,3.4887305022762893
1650,2,2021-10-14 13:00:00,3734.55162384,3769.97436078,3782.40835993,3727.99577874,0.02507074,ETH,1634216400.0,3.4999641002321518
1651,2,2021-10-14 14:00:00,3770.16088033,3796.09818771,3805.89204938,3770.16088033,0.0269376,ETH,1634220000.0,3.5607368360076466
1652,2,2021-10-14 15:00:00,3795.62073472,3811.22372117,3818.66662289,3769.79127744,0.02882982,ETH,1634223600.0,3.6313383208645056
1653,2,2021-10-14 16:00:00,3810.11156232,3785.85590854,3822.07700542,3776.59552085,0.03005431,ETH,1634227200.0,3.656305017605634
1654,2,2021-10-14 17:00:00,3786.46926748,3795.52843811,3809.94925906,3785.51704646,0.0313518,ETH,1634230800.0,3.817430378342394
1655,2,2021-10-14 18:00:00,3795.24335786,3803.77860388,3806.61032727,3768.11064694,0.03247115,ETH,1634234400.0,3.7133042212518195
1656,2,2021-10-14 19:00:00,3802.30239457,3794.52238848,3808.00882274,3769.16323195,0.03340378,ETH,1634238000.0,3.6671486408328513
1657,2,2021-10-14 20:00:00,3796.24323664,3764.4948241,3796.24323664,3764.4948241,0.03384373,ETH,1634241600.0,3.73115461692616
1658,2,2021-10-14 21:00:00,3765.1004116,3782.14901981,3782.14901981,3762.88053318,0.03436674,ETH,1634245200.0,3.7335085845724145
1659,2,2021-10-14 22:00:00,3781.98255454,3788.10848021,3793.19055669,3768.18677663,0.03441539,ETH,1634248800.0,3.7662873399715506
1660,2,2021-10-14 23:00:00,3786.99474957,3795.29630179,3797.35637031,3771.14137798,0.03444962,ETH,1634252400.0,3.623100731570062
1661,2,2021-10-15 00:00:00,3793.56987186,3770.4978852,3797.47680709,3760.93993549,0.03381048,ETH,1634256000.0,3.560611806345595
1662,2,2021-10-15 01:00:00,3770.84166195,3753.88085263,3776.69999836,3740.7005791,0.03287466,ETH,1634259600.0,3.7822510822510824
1663,2,2021-10-15 02:00:00,3752.32875244,3832.52881982,3837.78873098,3752.32875244,0.03265964,ETH,1634263200.0,3.52
1664,2,2021-10-15 03:00:00,3832.28669457,3821.60450822,3838.56974297,3817.01611426,0.03215968,ETH,1634266800.0,3.396621543445563
1665,2,2021-10-15 04:00:00,3821.59838861,3824.05368134,3824.05368134,3805.01591022,0.03172019,ETH,1634270400.0,3.7211048538482165
1666,2,2021-10-15 05:00:00,3823.07908133,3850.95980413,3854.49584266,3821.08610908,0.03138509,ETH,1634274000.0,3.7863971320454093
1667,2,2021-10-15 06:00:00,3850.83648809,3827.42591128,3850.83648809,3825.44052884,0.03024081,ETH,1634277600.0,3.4164321034613923
1668,2,2021-10-15 07:00:00,3826.67548534,3804.48124039,3826.67548534,3804.48124039,0.02932739,ETH,1634281200.0,3.1911444471328334
1669,2,2021-10-15 08:00:00,3806.85503589,3744.16497221,3806.85503589,3744.16497221,0.02799824,ETH,1634284800.0,3.2541916167664673
1670,2,2021-10-15 09:00:00,3748.24066261,3776.89200746,3776.89200746,3748.24066261,0.02662666,ETH,1634288400.0,2.811170862869714
1671,2,2021-10-15 10:00:00,3790.26333693,3789.37801311,3790.26333693,3766.41883948,0.02539129,ETH,1634292000.0,2.835567743245988
1672,2,2021-10-15 11:00:00,3782.62548682,3779.59217749,3791.70834329,3778.87726553,0.02401654,ETH,1634295600.0,3.122145865661716
1673,2,2021-10-15 12:00:00,3780.38618989,3771.40848317,3794.92026068,3769.82590373,0.02251094,ETH,1634299200.0,3.3914260886357055
1674,2,2021-10-15 13:00:00,3770.98017372,3815.80047815,3827.35087505,3770.98017372,0.02178591,ETH,1634302800.0,3.3825216648358354
1675,2,2021-10-15 14:00:00,3816.01464799,3808.51046648,3821.83042714,3796.97653189,0.02087074,ETH,1634306400.0,3.3157475838544626
1676,2,2021-10-15 15:00:00,3809.11824171,3791.6966665,3811.44951607,3785.5903396,0.0201452,ETH,1634310000.0,3.647097245168479
1677,2,2021-10-15 16:00:00,3792.7948034,3863.99135316,3865.30355192,3792.7948034,0.01985055,ETH,1634313600.0,3.7480370326965895
1678,2,2021-10-15 17:00:00,3862.96270699,3856.86916268,3869.50786842,3847.59666696,0.01930126,ETH,1634317200.0,3.8562014690451205
1679,2,2021-10-15 18:00:00,3856.60856803,3878.09731908,3888.93647254,3856.60856803,0.01932427,ETH,1634320800.0,3.7294842282087974
1680,2,2021-10-15 19:00:00,3878.64296831,3848.85741344,3878.64296831,3839.37426669,0.01887324,ETH,1634324400.0,3.4197830578512396
1681,2,2021-10-15 20:00:00,3848.7288485,3881.64988726,3905.74250364,3842.40228575,0.01868482,ETH,1634328000.0,3.6828930588449627
1682,2,2021-10-15 21:00:00,3881.77136085,3842.01658858,3881.77136085,3825.36360884,0.01816759,ETH,1634331600.0,3.670526606010477
1683,2,2021-10-15 22:00:00,3843.92155836,3851.98573812,3856.61444262,3833.00131036,0.01740891,ETH,1634335200.0,3.5281797410510283
1684,2,2021-10-15 23:00:00,3851.8718541,3871.08631554,3882.72933054,3844.70371621,0.01645344,ETH,1634338800.0,3.5440265685306525
1685,2,2021-10-16 00:00:00,3871.09612262,3847.3876526,3871.09612262,3844.39859167,0.01521284,ETH,1634342400.0,3.4886071754080703
1686,2,2021-10-16 01:00:00,3848.067265,3838.46659723,3854.74836116,3828.87081934,0.01393948,ETH,1634346000.0,3.9541742286751362
1687,2,2021-10-16 02:00:00,3838.21935577,3855.33681034,3855.36268929,3830.67800165,0.01224573,ETH,1634349600.0,3.995704740693605
1688,2,2021-10-16 03:00:00,3854.1329469,3843.06159357,3854.1329469,3837.74305013,0.0102252,ETH,1634353200.0,3.9400890568074485
1689,2,2021-10-16 04:00:00,3843.76966819,3837.04647646,3864.41966226,3837.04647646,0.00979316,ETH,1634356800.0,3.6703404017857144
1690,2,2021-10-16 05:00:00,3836.53911591,3856.62755142,3864.94234736,3836.53911591,0.00939588,ETH,1634360400.0,3.6582562861833576
1691,2,2021-10-16 06:00:00,3856.39827177,3849.19304493,3862.58340074,3849.19304493,0.00929799,ETH,1634364000.0,3.718616025602319
1692,2,2021-10-16 07:00:00,3848.57216529,3853.47655533,3853.47655533,3834.74436892,0.00936634,ETH,1634367600.0,3.836591028233356
1693,2,2021-10-16 08:00:00,3854.25613712,3940.56820477,3940.56820477,3854.25613712,0.01056846,ETH,1634371200.0,3.8983883272935342
1694,2,2021-10-16 09:00:00,3941.75737728,3935.40594798,3947.12341074,3914.56005036,0.01140155,ETH,1634374800.0,3.5691994572591588
1695,2,2021-10-16 10:00:00,3936.03833615,3938.95131422,3947.33699752,3927.57422133,0.01220378,ETH,1634378400.0,3.1600864034561384
1696,2,2021-10-16 11:00:00,3937.52057582,3956.71138512,3958.00285813,3928.05802407,0.01318398,ETH,1634382000.0,3.2734475976397865
1697,2,2021-10-16 12:00:00,3955.33997023,3897.54889014,3960.4103308,3883.9318969,0.01333307,ETH,1634385600.0,3.7176671895052045
1698,2,2021-10-16 13:00:00,3897.03625724,3918.94425313,3918.94425313,3891.66643496,0.01341143,ETH,1634389200.0,3.7498910132652425
1699,2,2021-10-16 14:00:00,3919.57088071,3900.66680099,3920.07723914,3898.10198021,0.013418,ETH,1634392800.0,3.660866456111078
1700,2,2021-10-16 15:00:00,3899.7037641,3908.54117463,3911.70140286,3889.27596698,0.01348376,ETH,1634396400.0,3.685654166979785
1701,2,2021-10-16 16:00:00,3909.13238829,3896.35750755,3911.75862028,3888.52421986,0.01347443,ETH,1634400000.0,3.60453342538258
1702,2,2021-10-16 17:00:00,3896.41523567,3869.48443182,3896.41523567,3836.19211446,0.01311873,ETH,1634403600.0,3.564743905009485
1703,2,2021-10-16 18:00:00,3869.67597737,3868.50050365,3880.19741041,3859.33832616,0.0125252,ETH,1634407200.0,3.502097566822486
1704,2,2021-10-16 19:00:00,3868.57104961,3840.00032588,3868.57104961,3840.00032588,0.01250875,ETH,1634410800.0,3.2700761509172724
1705,2,2021-10-16 20:00:00,3839.36727796,3831.61124237,3842.43639452,3807.53060319,0.01247371,ETH,1634414400.0,3.511017022379677
1706,2,2021-10-16 21:00:00,3832.01798461,3815.45464202,3835.90177305,3814.94904549,0.01251298,ETH,1634418000.0,3.6378792930976993
1707,2,2021-10-16 22:00:00,3817.34140733,3828.32472787,3830.83449038,3809.67392006,0.01255087,ETH,1634421600.0,3.597554915018388
1708,2,2021-10-16 23:00:00,3825.8196577,3829.16842432,3844.74806026,3822.96476951,0.01254532,ETH,1634425200.0,3.8118672418346686
1709,2,2021-10-17 00:00:00,3831.32125786,3841.66288784,3841.66288784,3810.07138368,0.01239828,ETH,1634428800.0,3.7705229192369747
1710,2,2021-10-17 01:00:00,3842.4154327,3850.06448883,3865.25610118,3837.45965673,0.01156126,ETH,1634432400.0,3.437442599788061
1711,2,2021-10-17 02:00:00,3851.33463615,3851.61481131,3862.72338194,3844.3566578,0.01109971,ETH,1634436000.0,3.4212860310421287
1712,2,2021-10-17 03:00:00,3851.85780007,3880.30113213,3886.69961,3851.37369308,0.01077178,ETH,1634439600.0,3.9297120331395736
1713,2,2021-10-17 04:00:00,3879.22170415,3874.9028721,3902.85380098,3873.74976248,0.01026916,ETH,1634443200.0,3.8766122857647685
1714,2,2021-10-17 05:00:00,3874.53179623,3856.74557727,3879.29841694,3856.74557727,0.00957715,ETH,1634446800.0,3.5815763407386445
1715,2,2021-10-17 06:00:00,3858.11267227,3875.6620745,3882.4134107,3858.11267227,0.00937794,ETH,1634450400.0,3.244597927972373
1716,2,2021-10-17 07:00:00,3874.06602796,3877.85687027,3909.89911975,3871.92469342,0.00909097,ETH,1634454000.0,3.2746937424125373
1717,2,2021-10-17 08:00:00,3878.07863503,3887.17406248,3901.49954813,3878.07863503,0.00857745,ETH,1634457600.0,3.0900825582610514
1718,2,2021-10-17 09:00:00,3888.3941601,3893.59248286,3909.19874371,3883.90138426,0.00862619,ETH,1634461200.0,2.9244876744876747
1719,2,2021-10-17 10:00:00,3892.58280767,3882.74591043,3896.06865497,3874.919163,0.00862148,ETH,1634464800.0,3.443164638974876
1720,2,2021-10-17 11:00:00,3883.02596589,3858.65381144,3890.79818525,3858.48290918,0.00863056,ETH,1634468400.0,3.75804114749348
1721,2,2021-10-17 12:00:00,3858.53140607,3852.6387939,3861.63403715,3837.27259035,0.00861634,ETH,1634472000.0,3.7289383561643836
1722,2,2021-10-17 13:00:00,3854.34090675,3860.36856642,3872.27919832,3848.43195899,0.00861406,ETH,1634475600.0,3.607277654117875
1723,2,2021-10-17 14:00:00,3860.91042535,3856.52587706,3862.70435871,3847.03681673,0.00855603,ETH,1634479200.0,3.078288100208768
1724,2,2021-10-17 15:00:00,3855.94309976,3789.75257168,3855.94309976,3770.41924617,0.00911732,ETH,1634482800.0,3.0906423836013106
1725,2,2021-10-17 16:00:00,3790.01282302,3812.89497664,3812.89497664,3786.23905905,0.00938768,ETH,1634486400.0,3.6695647065734596
1726,2,2021-10-17 17:00:00,3811.83725284,3805.74086861,3811.95910858,3794.4210813,0.009677,ETH,1634490000.0,3.8071624580757826
1727,2,2021-10-17 18:00:00,3804.62056772,3811.34303048,3811.34303048,3802.70309342,0.00986476,ETH,1634493600.0,3.7787708788944885
1728,2,2021-10-17 19:00:00,3811.85834693,3768.17843198,3811.85834693,3761.85740087,0.01060477,ETH,1634497200.0,3.5630861040068202
1729,2,2021-10-17 20:00:00,3766.03377798,3701.23986079,3766.03377798,3650.88387537,0.01242093,ETH,1634500800.0,3.81214600377596
1730,2,2021-10-17 21:00:00,3701.51875092,3766.95326719,3766.95326719,3701.51875092,0.01294436,ETH,1634504400.0,3.8722042620571355
1731,2,2021-10-17 22:00:00,3766.96709253,3829.02437916,3829.02437916,3766.96709253,0.01299981,ETH,1634508000.0,3.6374466571834994
1732,2,2021-10-17 23:00:00,3829.56565525,3850.13821226,3862.01828457,3822.8254308,0.01299857,ETH,1634511600.0,3.522339935513588
1733,2,2021-10-18 00:00:00,3851.92912482,3878.82063813,3888.46125084,3850.98161093,0.01302248,ETH,1634515200.0,4.209871589085072
1734,2,2021-10-18 01:00:00,3879.37428468,3877.08401009,3890.5236496,3861.96209883,0.01261124,ETH,1634518800.0,4.26171875
1735,2,2021-10-18 02:00:00,3876.73413136,3863.18225689,3877.12036453,3863.18225689,0.01220236,ETH,1634522400.0,3.9369018078695497
1736,2,2021-10-18 03:00:00,3862.97648688,3854.17477197,3869.70666938,3839.08192079,0.0117129,ETH,1634526000.0,3.766332590942836
1737,2,2021-10-18 04:00:00,3854.60238322,3865.8611725,3865.8611725,3849.61628387,0.01093523,ETH,1634529600.0,3.6243676222596966
1738,2,2021-10-18 05:00:00,3866.36577634,3878.10767506,3879.14018628,3858.99721953,0.01082758,ETH,1634533200.0,3.4928
1739,2,2021-10-18 06:00:00,3876.31629588,3864.48839264,3884.9664418,3863.04900338,0.01047598,ETH,1634536800.0,3.2995024875621892
1740,2,2021-10-18 07:00:00,3865.20064858,3839.77742178,3871.70654513,3838.77591974,0.01026683,ETH,1634540400.0,3.5281292880012196
1741,2,2021-10-18 08:00:00,3839.18335291,3824.30275135,3857.55604559,3818.92097952,0.00999798,ETH,1634544000.0,3.3824974057419577
1742,2,2021-10-18 09:00:00,3824.03943771,3800.93362857,3836.2615107,3773.11036806,0.00993426,ETH,1634547600.0,3.216151728357296
1743,2,2021-10-18 10:00:00,3801.80373275,3789.51954618,3801.80373275,3759.07698256,0.01010468,ETH,1634551200.0,3.339489623671929
1744,2,2021-10-18 11:00:00,3788.99551553,3747.63659584,3793.03548505,3713.59520218,0.01071877,ETH,1634554800.0,3.6931857191898385
1745,2,2021-10-18 12:00:00,3748.12311065,3733.2436766,3756.45510649,3714.36580773,0.01152358,ETH,1634558400.0,3.7148127853881276
1746,2,2021-10-18 13:00:00,3734.104816,3806.63795831,3806.63795831,3693.15740426,0.01158441,ETH,1634562000.0,3.759830800563998
1747,2,2021-10-18 14:00:00,3806.62967962,3791.04740002,3828.73712919,3776.2267271,0.01169553,ETH,1634565600.0,3.614931012766932
1748,2,2021-10-18 15:00:00,3790.1109958,3764.37847178,3790.1109958,3741.28707019,0.01203334,ETH,1634569200.0,3.6112045194700384
1749,2,2021-10-18 16:00:00,3765.28600913,3734.06108064,3777.77431693,3718.62136777,0.01268028,ETH,1634572800.0,3.696181205540996
1750,2,2021-10-18 17:00:00,3734.9688449,3735.20860466,3752.04435387,3732.55712223,0.01324548,ETH,1634576400.0,3.799558255107675
1751,2,2021-10-18 18:00:00,3732.86213794,3731.9058319,3744.65795345,3725.59251424,0.01377206,ETH,1634580000.0,3.8656338676278854
1752,2,2021-10-18 19:00:00,3732.17015077,3751.79682811,3751.79682811,3704.80825566,0.01404505,ETH,1634583600.0,3.408703195026746
1753,2,2021-10-18 20:00:00,3752.77707087,3740.88722667,3769.00202507,3740.06710417,0.01422664,ETH,1634587200.0,3.516767906859023
1754,2,2021-10-18 21:00:00,3743.08755222,3755.2897324,3767.47081792,3739.29258018,0.01427399,ETH,1634590800.0,3.4975184602348386
1755,2,2021-10-18 22:00:00,3754.59577455,3755.44909426,3757.67445719,3728.16124952,0.0143887,ETH,1634594400.0,3.3271239977322424
1756,2,2021-10-18 23:00:00,3753.02174823,3751.38404701,3759.87248004,3744.20716855,0.01438164,ETH,1634598000.0,3.610378590078329
1757,2,2021-10-19 00:00:00,3749.60971776,3754.3320272,3771.84589192,3737.90730595,0.01429342,ETH,1634601600.0,3.8882448099218117
1758,2,2021-10-19 01:00:00,3754.8006086,3788.87628509,3802.48987771,3754.8006086,0.01393303,ETH,1634605200.0,3.8392941733775463
1759,2,2021-10-19 02:00:00,3789.9675805,3790.10183742,3801.2316516,3784.35742232,0.0134609,ETH,1634608800.0,3.9564780007412508
1760,2,2021-10-19 03:00:00,3788.44114984,3823.21366743,3831.81818902,3785.1836691,0.01308061,ETH,1634612400.0,3.9478381824504463
1761,2,2021-10-19 04:00:00,3823.72442444,3817.52193188,3840.36748923,3817.52193188,0.01288485,ETH,1634616000.0,3.7378585304536625
1762,2,2021-10-19 05:00:00,3818.42889671,3820.49740691,3830.2716592,3812.69628636,0.01273229,ETH,1634619600.0,3.291391893080102
1763,2,2021-10-19 06:00:00,3817.70785572,3785.19126569,3817.70785572,3782.28939707,0.0124952,ETH,1634623200.0,3.4319918492103922
1764,2,2021-10-19 07:00:00,3787.80944569,3808.57805352,3808.57805352,3773.79370369,0.01226703,ETH,1634626800.0,3.904563392807515
1765,2,2021-10-19 08:00:00,3807.37480491,3807.35204675,3807.37480491,3776.93110614,0.01226997,ETH,1634630400.0,3.754820266407153
1766,2,2021-10-19 09:00:00,3805.36428088,3786.86444203,3807.37038525,3778.79017303,0.01226048,ETH,1634634000.0,3.5275206087507924
1767,2,2021-10-19 10:00:00,3788.71079174,3788.06214317,3798.57233801,3780.59713913,0.01226,ETH,1634637600.0,3.515318706997274
1768,2,2021-10-19 11:00:00,3789.50570703,3798.02945686,3815.19248893,3785.5859831,0.01224462,ETH,1634641200.0,3.2370889700799843
1769,2,2021-10-19 12:00:00,3799.35261379,3802.52788106,3815.4591882,3791.54931654,0.01219119,ETH,1634644800.0,3.3787148845648503
1770,2,2021-10-19 13:00:00,3799.50459061,3809.24720519,3851.54650412,3782.6560089,0.01152825,ETH,1634648400.0,3.712130078582177
1771,2,2021-10-19 14:00:00,3808.65640533,3802.67297778,3815.22193743,3751.20308417,0.01144857,ETH,1634652000.0,3.814475260296692
1772,2,2021-10-19 15:00:00,3802.81529347,3776.60184598,3812.42825312,3776.60184598,0.01142519,ETH,1634655600.0,3.302958267300581
1773,2,2021-10-19 16:00:00,3777.3499607,3807.4640113,3809.01866745,3777.3499607,0.01123302,ETH,1634659200.0,3.5306989197673344
1774,2,2021-10-19 17:00:00,3806.6688949,3812.55343612,3820.59914062,3804.75881659,0.01073887,ETH,1634662800.0,3.827071685481286
1775,2,2021-10-19 18:00:00,3814.02817302,3809.62496801,3817.60441241,3801.61007356,0.01021821,ETH,1634666400.0,3.527910101380237
1776,2,2021-10-19 19:00:00,3808.15250921,3819.05954235,3840.92140539,3808.15250921,0.00986891,ETH,1634670000.0,3.3114394875828745
1777,2,2021-10-19 20:00:00,3818.77435734,3808.12250268,3823.30497929,3806.70863493,0.00956295,ETH,1634673600.0,3.6998551231453263
1778,2,2021-10-19 21:00:00,3809.56304811,3816.20585223,3821.77508687,3806.08552773,0.00911965,ETH,1634677200.0,3.847065077074949
1779,2,2021-10-19 22:00:00,3817.01246738,3881.68233124,3881.68233124,3817.01246738,0.00917839,ETH,1634680800.0,3.501337613697164
1780,2,2021-10-19 23:00:00,3881.6630455,3879.31653387,3888.31115864,3864.88630604,0.00939612,ETH,1634684400.0,3.7329608938547487
1781,2,2021-10-20 00:00:00,3879.64160073,3873.34025653,3899.38140983,3860.23499572,0.00977861,ETH,1634688000.0,3.5764590002462446
1782,2,2021-10-20 01:00:00,3873.15714534,3861.11003689,3884.38111897,3856.74884897,0.01009064,ETH,1634691600.0,3.605522408769252
1783,2,2021-10-20 02:00:00,3860.77038931,3849.69664171,3862.95926182,3847.30667193,0.01034311,ETH,1634695200.0,3.6545405551064403
1784,2,2021-10-20 03:00:00,3850.55273922,3848.14989495,3862.88167646,3846.97401462,0.01056541,ETH,1634698800.0,3.4364730046948355
1785,2,2021-10-20 04:00:00,3848.10520639,3859.93751174,3860.86701687,3844.57914344,0.01067736,ETH,1634702400.0,3.6462666212069554
1786,2,2021-10-20 05:00:00,3860.13235803,3844.17768762,3860.21313382,3833.74816316,0.01047296,ETH,1634706000.0,3.4168250129556053
1787,2,2021-10-20 06:00:00,3844.13649521,3841.4004244,3854.55315843,3834.34436449,0.01059546,ETH,1634709600.0,3.1385829115808277
1788,2,2021-10-20 07:00:00,3841.30286153,3862.84536861,3862.98723781,3841.30286153,0.01086193,ETH,1634713200.0,3.5616022838790258
1789,2,2021-10-20 08:00:00,3862.89990193,3854.36991159,3874.0968426,3853.74790865,0.01091836,ETH,1634716800.0,3.6348665530948323
1790,2,2021-10-20 09:00:00,3855.31979888,3872.87177628,3874.04034262,3851.80359156,0.01081855,ETH,1634720400.0,3.632779281020487
1791,2,2021-10-20 10:00:00,3873.04387082,3858.49481067,3873.04387082,3852.82526491,0.01053856,ETH,1634724000.0,3.7967735589218967
1792,2,2021-10-20 11:00:00,3858.30239593,3865.73843542,3870.97733829,3854.65785257,0.01020144,ETH,1634727600.0,3.437726285300507
1793,2,2021-10-20 12:00:00,3864.79739535,3934.67777462,3944.55684653,3864.79739535,0.01092435,ETH,1634731200.0,3.5929249241495063
1794,2,2021-10-20 13:00:00,3934.74360078,4002.38388066,4003.1270064,3934.74360078,0.01269164,ETH,1634734800.0,3.7417261518494485
1795,2,2021-10-20 14:00:00,4001.62528005,4047.73417932,4073.29913409,3997.68745511,0.01516114,ETH,1634738400.0,3.7445939043078496
1796,2,2021-10-20 15:00:00,4047.75042584,4077.78819377,4077.78819377,4013.69718403,0.01769744,ETH,1634742000.0,3.6174843741357376
1797,2,2021-10-20 16:00:00,4077.97364116,4073.99020249,4102.8380313,4056.61772919,0.01957587,ETH,1634745600.0,3.89304704658421
1798,2,2021-10-20 17:00:00,4073.05534581,4073.36575282,4074.81766419,4053.58649497,0.02110132,ETH,1634749200.0,3.9766444859419794
1799,2,2021-10-20 18:00:00,4072.85250311,4116.21800075,4122.11304651,4072.85250311,0.02326095,ETH,1634752800.0,3.6165254994460527
1800,2,2021-10-20 19:00:00,4116.97852412,4096.65276745,4126.59842813,4094.2283913,0.02476733,ETH,1634756400.0,3.4914634652930667
1801,2,2021-10-20 20:00:00,4096.1476309,4104.14673299,4106.57562128,4069.66174745,0.02628877,ETH,1634760000.0,3.210411432807545
1802,2,2021-10-20 21:00:00,4105.38591378,4113.37262018,4132.91450329,4102.2947602,0.02769974,ETH,1634763600.0,3.4200963828726527
1803,2,2021-10-20 22:00:00,4113.17424398,4122.65340995,4130.02149313,4096.02494435,0.02904058,ETH,1634767200.0,3.903502875494809
1804,2,2021-10-20 23:00:00,4124.44950773,4158.75536781,4163.39368023,4124.16248026,0.03045051,ETH,1634770800.0,3.857710760795065
1805,2,2021-10-21 00:00:00,4160.36056113,4187.30987677,4201.26712275,4139.22164871,0.03211994,ETH,1634774400.0,3.72964509394572
1806,2,2021-10-21 01:00:00,4187.78270157,4193.38141319,4231.11540411,4169.17386087,0.03359736,ETH,1634778000.0,3.298060941828255
1807,2,2021-10-21 02:00:00,4195.18924707,4193.28576327,4208.49111587,4155.79958105,0.03470365,ETH,1634781600.0,3.6793682132280354
1808,2,2021-10-21 03:00:00,4194.36335105,4186.5848572,4196.60565793,4155.97124831,0.03552403,ETH,1634785200.0,3.64957426679281
1809,2,2021-10-21 04:00:00,4185.49358805,4168.84099683,4193.41469873,4155.37618396,0.03604477,ETH,1634788800.0,3.862617025908992
1810,2,2021-10-21 05:00:00,4168.39062801,4177.97605202,4186.37661414,4160.30709466,0.036535,ETH,1634792400.0,3.8982478554480746
1811,2,2021-10-21 06:00:00,4176.93310483,4158.28257044,4181.49328504,4129.382925,0.03675059,ETH,1634796000.0,3.872977831036549
1812,2,2021-10-21 07:00:00,4159.7748739,4167.38113427,4175.25043687,4150.3090278,0.03685902,ETH,1634799600.0,4.00872801950969
1813,2,2021-10-21 08:00:00,4166.69053029,4198.87150576,4203.93086132,4166.69053029,0.0368619,ETH,1634803200.0,3.8243765235327207
1814,2,2021-10-21 09:00:00,4198.64339108,4301.12989412,4301.12989412,4198.64339108,0.03797915,ETH,1634806800.0,3.5195976690348845
1815,2,2021-10-21 10:00:00,4301.67158908,4312.24046077,4320.91056584,4273.84920971,0.03898622,ETH,1634810400.0,3.5741344005956814
1816,2,2021-10-21 11:00:00,4311.72138604,4220.10456309,4364.81941209,4160.71188132,0.03886258,ETH,1634814000.0,3.9376832492189378
1817,2,2021-10-21 12:00:00,4219.85519753,4234.46101444,4238.91095077,4162.53597717,0.03876701,ETH,1634817600.0,3.912065823327616
1818,2,2021-10-21 13:00:00,4233.50927616,4226.55549999,4276.41776895,4223.15635024,0.03835371,ETH,1634821200.0,3.5616717211582403
1819,2,2021-10-21 14:00:00,4226.29953873,4123.3728084,4228.01769771,4094.21991966,0.03736653,ETH,1634824800.0,3.5814450619923046
1820,2,2021-10-21 15:00:00,4123.61421452,4099.81226932,4135.6174554,4027.73533552,0.03678214,ETH,1634828400.0,3.6536084097799124
1821,2,2021-10-21 16:00:00,4099.63323748,4068.35851616,4139.23032362,4068.35851616,0.03610138,ETH,1634832000.0,3.5132145052243393
1822,2,2021-10-21 17:00:00,4070.48720347,4061.66477597,4120.40804565,4061.66477597,0.03532731,ETH,1634835600.0,3.543441427952244
1823,2,2021-10-21 18:00:00,4061.20725834,4076.54253925,4113.87649691,4061.20725834,0.03439166,ETH,1634839200.0,3.7629120263098885
1824,2,2021-10-21 19:00:00,4079.29004252,4096.98833374,4126.22220184,4079.29004252,0.03327908,ETH,1634842800.0,4.0457643622200585
1825,2,2021-10-21 20:00:00,4098.00641932,4107.65836374,4115.12918076,4082.51983257,0.03205826,ETH,1634846400.0,3.95
1826,2,2021-10-21 21:00:00,4108.90627713,4109.924868,4131.79620443,4095.09521828,0.03085366,ETH,1634850000.0,3.964059196617336
1827,2,2021-10-21 22:00:00,4108.65053549,4086.07315399,4117.65989304,4083.84293142,0.02934063,ETH,1634853600.0,3.7544279559597893
1828,2,2021-10-21 23:00:00,4086.40760405,4070.5473998,4098.69337188,4063.42095478,0.02766165,ETH,1634857200.0,3.4588397156615454
1829,2,2021-10-22 00:00:00,4057.32639546,4118.35020531,4118.35020531,4057.32639546,0.02608249,ETH,1634860800.0,3.509125840537944
1830,2,2021-10-22 01:00:00,4118.438824,4105.63313797,4140.42034791,4105.63313797,0.02419027,ETH,1634864400.0,3.6976442218512338
1831,2,2021-10-22 02:00:00,4106.15934072,4113.21993971,4128.21232039,4103.91842491,0.02235117,ETH,1634868000.0,3.725228255646324
1832,2,2021-10-22 03:00:00,4113.33305108,4156.11553041,4159.19014896,4113.33305108,0.02002069,ETH,1634871600.0,3.800253761102048
1833,2,2021-10-22 04:00:00,4158.22498339,4150.68974543,4165.17804194,4143.69366301,0.01737536,ETH,1634875200.0,3.836416490486258
1834,2,2021-10-22 05:00:00,4151.40833638,4134.49783596,4151.40833638,4131.09188259,0.0156382,ETH,1634878800.0,3.69562070213536
1835,2,2021-10-22 06:00:00,4133.96957064,4120.85806112,4147.49803271,4112.25631683,0.01478164,ETH,1634882400.0,3.722470781592403
1836,2,2021-10-22 07:00:00,4121.56016393,4146.15686689,4149.61400572,4121.56016393,0.01435467,ETH,1634886000.0,3.6426845961832677
1837,2,2021-10-22 08:00:00,4147.06927662,4149.05510639,4157.25196346,4140.83666869,0.01414136,ETH,1634889600.0,3.5667233452988225
1838,2,2021-10-22 09:00:00,4148.86522325,4124.33770778,4148.98178764,4119.67573547,0.01390832,ETH,1634893200.0,2.9677609477220486
1839,2,2021-10-22 10:00:00,4123.53704746,4114.3530835,4126.81562031,4092.62015178,0.01368865,ETH,1634896800.0,3.045310056006862
1840,2,2021-10-22 11:00:00,4113.4647874,4128.22455234,4135.75766359,4111.18160248,0.0136584,ETH,1634900400.0,3.6218815254423564
1841,2,2021-10-22 12:00:00,4128.32158324,4141.70983509,4142.97766218,4118.2732563,0.01352617,ETH,1634904000.0,3.562898908791435
1842,2,2021-10-22 13:00:00,4141.62434404,4068.06966173,4141.62434404,4068.06966173,0.01375608,ETH,1634907600.0,3.6563392347230153
1843,2,2021-10-22 14:00:00,4067.4512713,4029.55650702,4067.4512713,3987.10598314,0.01438613,ETH,1634911200.0,3.4244739872291428
1844,2,2021-10-22 15:00:00,4030.89286503,3971.53456318,4033.31045483,3969.63934035,0.01575643,ETH,1634914800.0,3.1672997237569063
1845,2,2021-10-22 16:00:00,3971.1818965,3978.12818474,3985.65560221,3904.2796414,0.01687446,ETH,1634918400.0,3.3847461344445664
1846,2,2021-10-22 17:00:00,3979.44858503,3943.27468754,3979.44858503,3942.97645056,0.01824461,ETH,1634922000.0,3.4132422734112744
1847,2,2021-10-22 18:00:00,3943.08884481,3964.10623805,3971.42898496,3927.45713204,0.01912311,ETH,1634925600.0,3.2667427430283147
1848,2,2021-10-22 19:00:00,3962.81114449,3985.93909018,3985.93909018,3950.33845783,0.01964382,ETH,1634929200.0,3.661425749094501
1849,2,2021-10-22 20:00:00,3984.99760711,3981.06115663,3996.15988215,3977.96827179,0.02016013,ETH,1634932800.0,3.7746381805651277
1850,2,2021-10-22 21:00:00,3981.03641025,3954.64506173,3981.47600022,3940.54388906,0.02093924,ETH,1634936400.0,3.7274482980606742
1851,2,2021-10-22 22:00:00,3954.70969984,3975.13419387,3977.94406015,3953.4928457,0.02138307,ETH,1634940000.0,3.6531956951460574
1852,2,2021-10-22 23:00:00,3975.52148111,3978.20746319,3989.7827046,3974.78917109,0.02181487,ETH,1634943600.0,3.4581253466444815
1853,2,2021-10-23 00:00:00,3976.16163799,4005.35609543,4005.35609543,3958.00138858,0.02195987,ETH,1634947200.0,3.4742268041237114
1854,2,2021-10-23 01:00:00,4005.8219711,4012.64791795,4012.93672181,3994.96367102,0.02183409,ETH,1634950800.0,3.049294532627866
1855,2,2021-10-23 02:00:00,4013.05074997,4031.89105035,4037.68338431,4013.05074997,0.0204093,ETH,1634954400.0,2.826884650317893
1856,2,2021-10-23 03:00:00,4032.85330173,4028.06354306,4037.63672903,4022.48763056,0.01854514,ETH,1634958000.0,3.3723997280761386
1857,2,2021-10-23 04:00:00,4027.01400764,4040.25400318,4051.79534625,4024.93458747,0.01777216,ETH,1634961600.0,3.7774593393995843
1858,2,2021-10-23 05:00:00,4040.58258061,4016.23227622,4044.43800411,4013.06647622,0.01678171,ETH,1634965200.0,3.6600634427396908
1859,2,2021-10-23 06:00:00,4017.16896275,4035.23698635,4035.23698635,4009.61285545,0.01566822,ETH,1634968800.0,3.5607991449477927
1860,2,2021-10-23 07:00:00,4034.18146799,4018.92691499,4034.18146799,4013.23741756,0.01558951,ETH,1634972400.0,3.6291057068113557
1861,2,2021-10-23 08:00:00,4018.42858493,4027.27800584,4031.30938761,4018.42858493,0.01557232,ETH,1634976000.0,3.6889428918590523
1862,2,2021-10-23 09:00:00,4026.73653387,4003.37574419,4029.27475383,3981.45920219,0.01571699,ETH,1634979600.0,3.50928588545411
1863,2,2021-10-23 10:00:00,4002.36776346,3960.9190687,4002.49146718,3959.6277252,0.01614905,ETH,1634983200.0,3.273474272038293
1864,2,2021-10-23 11:00:00,3960.97423962,4042.4658323,4044.89134676,3953.85568902,0.01613748,ETH,1634986800.0,3.4877360762324123
1865,2,2021-10-23 12:00:00,4044.92138146,4045.11056926,4060.92420181,4040.01213832,0.01605942,ETH,1634990400.0,3.612285464947154
1866,2,2021-10-23 13:00:00,4044.89011375,4033.97801427,4048.48810914,4027.02257951,0.01593927,ETH,1634994000.0,3.311070343404231
1867,2,2021-10-23 14:00:00,4032.84149143,4029.84355046,4042.42387341,4021.7847089,0.01579932,ETH,1634997600.0,3.4132151712737624
1868,2,2021-10-23 15:00:00,4031.04438743,4090.04738481,4094.44801216,4031.04438743,0.01581338,ETH,1635001200.0,3.9404627294076717
1869,2,2021-10-23 16:00:00,4090.42027575,4089.63228216,4124.64800535,4075.52324234,0.01586615,ETH,1635004800.0,3.6805592901317556
1870,2,2021-10-23 17:00:00,4089.97020308,4110.54601773,4111.34381412,4088.54860043,0.01581951,ETH,1635008400.0,3.4241824091001423
1871,2,2021-10-23 18:00:00,4110.90141683,4118.09313992,4120.44455165,4104.39141119,0.01589083,ETH,1635012000.0,3.7849302538303222
1872,2,2021-10-23 19:00:00,4117.95876381,4089.78038629,4117.95876381,4089.68170541,0.015779,ETH,1635015600.0,3.6306054658009965
1873,2,2021-10-23 20:00:00,4090.25459809,4094.70494607,4095.77430921,4080.11021938,0.01533386,ETH,1635019200.0,3.584575403194986
1874,2,2021-10-23 21:00:00,4095.50996539,4098.25451759,4114.45485725,4093.08201236,0.0149404,ETH,1635022800.0,3.6223624717407685
1875,2,2021-10-23 22:00:00,4096.97155854,4122.67349849,4130.97961914,4095.30267309,0.01484435,ETH,1635026400.0,3.7897360018690134
1876,2,2021-10-23 23:00:00,4122.54688768,4172.98529117,4173.40827121,4122.54688768,0.0153535,ETH,1635030000.0,3.8048304146865437
1877,2,2021-10-24 00:00:00,4172.71637986,4145.44585443,4185.97174387,4142.80370011,0.0153468,ETH,1635033600.0,3.83044776119403
1878,2,2021-10-24 01:00:00,4147.50512707,4137.68164583,4148.39322053,4126.20774466,0.01524164,ETH,1635037200.0,3.8001109723956166
1879,2,2021-10-24 02:00:00,4135.19247137,4144.20805309,4147.52844909,4125.45202988,0.01540721,ETH,1635040800.0,3.7435853280523506
1880,2,2021-10-24 03:00:00,4145.52452419,4138.70984378,4150.83036197,4135.80522124,0.01558842,ETH,1635044400.0,3.857337728771172
1881,2,2021-10-24 04:00:00,4137.13063143,4111.92731713,4137.39511467,4106.93564564,0.0154777,ETH,1635048000.0,3.8170042150714507
1882,2,2021-10-24 05:00:00,4111.83340114,4115.5678511,4126.85685185,4106.52880054,0.01527519,ETH,1635051600.0,3.228289307114524
1883,2,2021-10-24 06:00:00,4116.73873108,4095.5366021,4123.00668172,4087.37905731,0.01536371,ETH,1635055200.0,3.1228927680798004
1884,2,2021-10-24 07:00:00,4095.3366047,4100.53473005,4108.39761106,4086.20928779,0.0154678,ETH,1635058800.0,3.0880797822217567
1885,2,2021-10-24 08:00:00,4100.76070147,4077.57858961,4100.76070147,4077.57858961,0.0151856,ETH,1635062400.0,3.1790400552486187
1886,2,2021-10-24 09:00:00,4076.85676764,4096.77709936,4121.60970688,4071.11034315,0.01498414,ETH,1635066000.0,3.6083650190114067
1887,2,2021-10-24 10:00:00,4098.86968128,4097.19181642,4112.74792786,4093.34747138,0.01439802,ETH,1635069600.0,3.0482477196351416
1888,2,2021-10-24 11:00:00,4094.5389376,4033.31647384,4094.5389376,4033.31647384,0.01395049,ETH,1635073200.0,3.622319225659518
1889,2,2021-10-24 12:00:00,4032.1916903,4044.99089406,4062.79062325,4014.97505904,0.01365502,ETH,1635076800.0,3.832757537688442
1890,2,2021-10-24 13:00:00,4046.03815175,4053.32651975,4075.50272358,4038.67010749,0.01328612,ETH,1635080400.0,3.813065749771946
1891,2,2021-10-24 14:00:00,4053.30606045,4028.75019615,4060.14096557,4028.01877917,0.01266412,ETH,1635084000.0,3.5286091549295775
1892,2,2021-10-24 15:00:00,4027.83024735,4006.26758415,4041.32453738,3992.6481357,0.01238544,ETH,1635087600.0,3.509705248023005
1893,2,2021-10-24 16:00:00,4006.30837357,4034.26698123,4034.26698123,3983.9758905,0.01196799,ETH,1635091200.0,3.821081734442947
1894,2,2021-10-24 17:00:00,4036.70436574,4029.81950477,4040.98290121,4021.43731799,0.01181314,ETH,1635094800.0,3.788593650492541
1895,2,2021-10-24 18:00:00,4027.61028599,4002.00100347,4027.61028599,3973.40625042,0.01189444,ETH,1635098400.0,3.12647909545096
1896,2,2021-10-24 19:00:00,4001.56003872,4050.77341674,4050.77341674,4001.56003872,0.0118297,ETH,1635102000.0,3.0240665013072334
1897,2,2021-10-24 20:00:00,4050.20940569,4072.87974873,4072.87974873,4048.96304054,0.01172178,ETH,1635105600.0,3.1839765643628435
1898,2,2021-10-24 21:00:00,4072.14423131,4085.83220133,4101.24477485,4072.14423131,0.01167369,ETH,1635109200.0,3.826279164961113
1899,2,2021-10-24 22:00:00,4087.82702841,4083.03887994,4097.88930133,4071.88708824,0.0114823,ETH,1635112800.0,3.759193548387097
1900,2,2021-10-24 23:00:00,4084.57728005,4089.94347133,4093.58287556,4071.70780804,0.0114082,ETH,1635116400.0,3.8485006518904825
1901,2,2021-10-25 00:00:00,4085.33484331,4133.28235786,4133.28235786,4080.0370606,0.01141408,ETH,1635120000.0,3.6840748881982868
1902,2,2021-10-25 01:00:00,4134.77768506,4121.57673919,4143.03679453,4119.04186054,0.01136768,ETH,1635123600.0,4.028618548700039
1903,2,2021-10-25 02:00:00,4121.16054997,4133.77285016,4133.77285016,4113.07276562,0.01115733,ETH,1635127200.0,4.122906898861353
1904,2,2021-10-25 03:00:00,4134.16531315,4136.43002856,4141.86333521,4128.29558067,0.01029648,ETH,1635130800.0,3.554326089854686
1905,2,2021-10-25 04:00:00,4135.99006715,4148.67994416,4152.82668401,4135.213818,0.01040888,ETH,1635134400.0,3.918735287823668
1906,2,2021-10-25 05:00:00,4148.60043541,4125.86497048,4148.60043541,4121.52441952,0.01035385,ETH,1635138000.0,3.8810668803989667
1907,2,2021-10-25 06:00:00,4126.49032195,4127.67760463,4135.25647573,4120.71791972,0.01020047,ETH,1635141600.0,3.829399293286219
1908,2,2021-10-25 07:00:00,4127.89324558,4151.78567407,4174.84554314,4122.24596293,0.0101245,ETH,1635145200.0,3.892285619688776
1909,2,2021-10-25 08:00:00,4151.77988579,4126.02072141,4160.51500993,4126.02072141,0.01018139,ETH,1635148800.0,3.757638961309834
1910,2,2021-10-25 09:00:00,4125.97326455,4141.17776223,4148.12750681,4125.97326455,0.01030709,ETH,1635152400.0,3.803624795141232
1911,2,2021-10-25 10:00:00,4138.52943626,4132.69368533,4145.69936592,4113.71029545,0.01037929,ETH,1635156000.0,3.795086878370282
1912,2,2021-10-25 11:00:00,4134.3100046,4131.75598204,4149.4000217,4123.92623162,0.01042691,ETH,1635159600.0,3.5301425395579966
1913,2,2021-10-25 12:00:00,4131.0856652,4125.45105992,4138.76704846,4120.62496626,0.01046378,ETH,1635163200.0,3.5348948374760996
1914,2,2021-10-25 13:00:00,4123.50951458,4157.83369029,4157.83369029,4114.08778572,0.0106804,ETH,1635166800.0,3.9270967741935485
1915,2,2021-10-25 14:00:00,4159.68074327,4150.21732977,4166.72827485,4138.92259861,0.01083189,ETH,1635170400.0,3.6505585320586897
1916,2,2021-10-25 15:00:00,4150.30342779,4208.52669915,4208.52669915,4137.92539434,0.01151242,ETH,1635174000.0,3.413515625
1917,2,2021-10-25 16:00:00,4208.42550131,4227.44236744,4229.19231856,4196.64433068,0.01214154,ETH,1635177600.0,3.561986797617131
1918,2,2021-10-25 17:00:00,4228.18171907,4183.560344,4228.18171907,4180.47989952,0.01239658,ETH,1635181200.0,3.7370988597625483
1919,2,2021-10-25 18:00:00,4183.74340537,4207.52986967,4207.52986967,4172.65926998,0.01290661,ETH,1635184800.0,3.754174456837083
1920,2,2021-10-25 19:00:00,4207.74707661,4182.96564416,4207.74707661,4177.29188563,0.01313917,ETH,1635188400.0,3.5173529940658157
1921,2,2021-10-25 20:00:00,4183.05522086,4178.5729335,4196.30050293,4174.14051272,0.01334352,ETH,1635192000.0,3.5196959225984794
1922,2,2021-10-25 21:00:00,4179.65662,4189.21211596,4201.9755384,4178.86516369,0.01365791,ETH,1635195600.0,3.4947269006768455
1923,2,2021-10-25 22:00:00,4187.53660453,4215.84152194,4216.93640638,4184.06235182,0.01418994,ETH,1635199200.0,3.6528228828378717
1924,2,2021-10-25 23:00:00,4217.37008805,4218.08307617,4220.19295059,4205.84307525,0.01466867,ETH,1635202800.0,3.8309053415818535
1925,2,2021-10-26 00:00:00,4223.68681855,4242.37900563,4256.44766014,4213.16572303,0.01535584,ETH,1635206400.0,3.6376071784646062
1926,2,2021-10-26 01:00:00,4242.88082278,4222.2803818,4242.88082278,4222.2803818,0.01569786,ETH,1635210000.0,3.5208781260608806
1927,2,2021-10-26 02:00:00,4222.6854448,4236.84554184,4246.55035725,4222.6854448,0.01618785,ETH,1635213600.0,3.2523715415019763
1928,2,2021-10-26 03:00:00,4235.73582526,4228.18486305,4241.36718524,4223.33289632,0.01654768,ETH,1635217200.0,3.3686769149914597
1929,2,2021-10-26 04:00:00,4226.94057361,4209.83008696,4229.14480424,4197.31737238,0.01634201,ETH,1635220800.0,3.3970780067831985
1930,2,2021-10-26 05:00:00,4211.89532814,4203.75202257,4217.71176337,4203.75202257,0.01613745,ETH,1635224400.0,3.360235693241675
1931,2,2021-10-26 06:00:00,4204.20713589,4194.33286855,4207.27729998,4184.48304147,0.01590142,ETH,1635228000.0,3.6515620167027527
1932,2,2021-10-26 07:00:00,4193.0765532,4198.72952509,4198.80823128,4183.55191139,0.01539726,ETH,1635231600.0,3.359126984126984
1933,2,2021-10-26 08:00:00,4198.24553802,4212.61570924,4226.2981322,4198.24553802,0.01458876,ETH,1635235200.0,3.386604144224067
1934,2,2021-10-26 09:00:00,4213.73700624,4207.61381954,4214.46917967,4203.55407773,0.01399652,ETH,1635238800.0,3.672314158129761
1935,2,2021-10-26 10:00:00,4208.70738679,4226.12850508,4226.12850508,4201.51456481,0.01334976,ETH,1635242400.0,3.3716899248980017
1936,2,2021-10-26 11:00:00,4227.26422842,4214.53083194,4227.26422842,4205.96163791,0.01201827,ETH,1635246000.0,2.943932491199006
1937,2,2021-10-26 12:00:00,4211.10921488,4189.32583799,4216.75305536,4183.56465476,0.01119745,ETH,1635249600.0,3.6782122060046887
1938,2,2021-10-26 13:00:00,4191.80250692,4190.82376791,4204.13624101,4190.82376791,0.01058761,ETH,1635253200.0,3.763839047110025
1939,2,2021-10-26 14:00:00,4189.56413409,4155.43596444,4189.56413409,4138.5351095,0.0100818,ETH,1635256800.0,3.2948871409028726
1940,2,2021-10-26 15:00:00,4156.03163974,4192.11079765,4199.98791049,4145.90218529,0.00947604,ETH,1635260400.0,3.3259743290548425
1941,2,2021-10-26 16:00:00,4192.8583518,4172.52247261,4199.16304758,4148.82695285,0.00887942,ETH,1635264000.0,3.626573115046219
1942,2,2021-10-26 17:00:00,4173.11105127,4219.91617648,4219.91617648,4169.08604748,0.00882293,ETH,1635267600.0,3.46015457840269
1943,2,2021-10-26 18:00:00,4219.43513562,4212.84232702,4226.47188183,4208.32493334,0.00859377,ETH,1635271200.0,3.8594792142530836
1944,2,2021-10-26 19:00:00,4215.27817553,4216.56007488,4231.05792946,4210.02259767,0.00846071,ETH,1635274800.0,4.1312130905511815
1945,2,2021-10-26 20:00:00,4215.60803861,4267.35653898,4292.05613951,4215.60803861,0.00876264,ETH,1635278400.0,3.7185245520130326
1946,2,2021-10-26 21:00:00,4267.71926985,4210.76049594,4269.30135282,4198.20852058,0.00866108,ETH,1635282000.0,3.76730129948625
1947,2,2021-10-26 22:00:00,4210.59979363,4126.50174663,4210.59979363,4110.40429322,0.00865456,ETH,1635285600.0,3.7957931638913234
1948,2,2021-10-26 23:00:00,4125.48910807,4135.01392611,4143.87171396,4111.52796807,0.00858433,ETH,1635289200.0,3.6828221833783568
1949,2,2021-10-27 00:00:00,4135.3438772,4161.94178675,4163.18851546,4126.66269521,0.00852782,ETH,1635292800.0,3.478963571062083
1950,2,2021-10-27 01:00:00,4162.14357709,4153.09382593,4175.87509154,4152.16513088,0.00829576,ETH,1635296400.0,3.4561469618464438
1951,2,2021-10-27 02:00:00,4152.33480811,4180.95437518,4188.27163566,4150.96090376,0.00808533,ETH,1635300000.0,3.4680249009620825
1952,2,2021-10-27 03:00:00,4185.20899669,4214.48286432,4222.69475293,4184.9008648,0.0077973,ETH,1635303600.0,3.8047008061769048
1953,2,2021-10-27 04:00:00,4214.37345906,4285.5532552,4315.02369157,4214.37345906,0.00812088,ETH,1635307200.0,3.8662924726871806
1954,2,2021-10-27 05:00:00,4285.1842799,4278.4224609,4316.80478887,4266.82055469,0.00815975,ETH,1635310800.0,3.7976878612716765
1955,2,2021-10-27 06:00:00,4278.23507923,4244.13811253,4282.16555874,4240.66494018,0.00812592,ETH,1635314400.0,3.6037229437229437
1956,2,2021-10-27 07:00:00,4243.15990243,4141.34290022,4243.15990243,4141.34290022,0.00821356,ETH,1635318000.0,3.6558391337973704
1957,2,2021-10-27 08:00:00,4141.1680178,4054.96509531,4141.1680178,3961.18048243,0.00981635,ETH,1635321600.0,3.9520177506587157
1958,2,2021-10-27 09:00:00,4055.30041106,4027.80900585,4055.30041106,4004.48536834,0.01166805,ETH,1635325200.0,3.6833627766808688
1959,2,2021-10-27 10:00:00,4029.275782,4030.2031038,4032.62101241,3977.08705067,0.01314886,ETH,1635328800.0,3.5071945508727116
1960,2,2021-10-27 11:00:00,4029.71300901,4000.16444767,4047.92831502,3995.85564059,0.01493136,ETH,1635332400.0,3.3007239651011693
1961,2,2021-10-27 12:00:00,3998.39267941,4017.86542209,4027.0635715,3973.12259651,0.01618572,ETH,1635336000.0,2.9529768026511256
1962,2,2021-10-27 13:00:00,4017.77188188,3999.37678274,4026.98129474,3997.31134256,0.0175604,ETH,1635339600.0,2.997460508759093
1963,2,2021-10-27 14:00:00,3999.16766108,4021.94897968,4041.5680985,3982.41419251,0.01849196,ETH,1635343200.0,3.398323918881378
1964,2,2021-10-27 15:00:00,4021.25071024,4001.18655383,4035.13677942,3996.35416652,0.01951081,ETH,1635346800.0,3.764173680892877
1965,2,2021-10-27 16:00:00,4002.20732301,3985.67562672,4010.87602686,3960.22376616,0.02057754,ETH,1635350400.0,3.724875689977647
1966,2,2021-10-27 17:00:00,3985.55008971,3993.64328341,4008.01011114,3984.81145186,0.02131483,ETH,1635354000.0,3.346102358150551
1967,2,2021-10-27 18:00:00,3992.3037637,3972.50049101,4007.09211254,3970.21358008,0.02225023,ETH,1635357600.0,3.378350016144656
1968,2,2021-10-27 19:00:00,3974.10804669,4007.32829402,4008.40942176,3954.5289495,0.02267024,ETH,1635361200.0,3.3020523384451055
1969,2,2021-10-27 20:00:00,4006.47085739,3988.2714936,4023.9407292,3974.21903969,0.0232104,ETH,1635364800.0,3.339119043720321
1970,2,2021-10-27 21:00:00,3988.80701582,4002.99222909,4015.0639982,3985.96191207,0.02360322,ETH,1635368400.0,3.6254360075127448
1971,2,2021-10-27 22:00:00,4002.64799145,3981.38415327,4002.64799145,3969.92010268,0.02417471,ETH,1635372000.0,3.5732455651009705
1972,2,2021-10-27 23:00:00,3981.28543269,3928.71162317,3983.10871654,3919.23752983,0.02518415,ETH,1635375600.0,3.535901467505241
1973,2,2021-10-28 00:00:00,3930.65651718,3923.15586401,3970.50311153,3923.15586401,0.02614348,ETH,1635379200.0,3.793269230769231
1974,2,2021-10-28 01:00:00,3922.09283628,4001.27847411,4001.27847411,3909.3076314,0.02624912,ETH,1635382800.0,3.952446675031368
1975,2,2021-10-28 02:00:00,4000.49010335,4002.41810186,4002.41810186,3979.63537672,0.02631625,ETH,1635386400.0,3.534114625140472
1976,2,2021-10-28 03:00:00,4003.68258141,4001.48251231,4021.92674656,3986.85019577,0.02621601,ETH,1635390000.0,3.365445158040549
1977,2,2021-10-28 04:00:00,4001.71714752,4003.52789269,4021.17744095,3996.73854674,0.02611457,ETH,1635393600.0,3.6912897016361885
1978,2,2021-10-28 05:00:00,4003.82184299,4025.34598818,4025.34598818,4000.95040509,0.0260088,ETH,1635397200.0,3.8526700804681786
1979,2,2021-10-28 06:00:00,4025.26742811,4030.18111002,4040.36242082,3995.27490608,0.02583965,ETH,1635400800.0,3.6896069380332914
1980,2,2021-10-28 07:00:00,4032.43906012,4017.10104749,4044.90859311,4015.82974977,0.02585417,ETH,1635404400.0,3.5521133826664992
1981,2,2021-10-28 08:00:00,4016.7561417,4145.1764441,4145.46173755,4016.7561417,0.02563332,ETH,1635408000.0,3.2828259172521466
1982,2,2021-10-28 09:00:00,4147.52355887,4172.05200647,4172.05200647,4124.19912109,0.02563099,ETH,1635411600.0,3.244033760186263
1983,2,2021-10-28 10:00:00,4173.40944978,4159.14796969,4183.78722407,4151.10677037,0.02526366,ETH,1635415200.0,3.3477750898028003
1984,2,2021-10-28 11:00:00,4157.56536324,4161.35395046,4165.45893177,4129.89260673,0.02495098,ETH,1635418800.0,3.4879562287315675
1985,2,2021-10-28 12:00:00,4161.75164276,4184.35560066,4192.893044,4153.52430204,0.02472576,ETH,1635422400.0,3.5976894108635986
1986,2,2021-10-28 13:00:00,4184.33708009,4197.66889505,4207.44736539,4170.2547501,0.02408972,ETH,1635426000.0,3.497252104770814
1987,2,2021-10-28 14:00:00,4198.08568912,4195.32397117,4198.08568912,4172.52084319,0.02396777,ETH,1635429600.0,3.447665486607441
1988,2,2021-10-28 15:00:00,4197.16168444,4159.00467813,4197.16168444,4157.40728182,0.0240972,ETH,1635433200.0,3.559450471569536
1989,2,2021-10-28 16:00:00,4159.18945404,4190.9383867,4197.9912158,4159.18945404,0.02438274,ETH,1635436800.0,3.644400877561499
1990,2,2021-10-28 17:00:00,4194.07184379,4232.26616252,4238.16801816,4194.07184379,0.02485629,ETH,1635440400.0,3.6693924487318723
1991,2,2021-10-28 18:00:00,4228.52396633,4185.40515873,4229.92523561,4131.28715116,0.02501837,ETH,1635444000.0,3.8452150416572843
1992,2,2021-10-28 19:00:00,4185.95351352,4266.74636564,4271.03385713,4174.01501464,0.02570416,ETH,1635447600.0,3.748248389648548
1993,2,2021-10-28 20:00:00,4268.43728352,4260.98946868,4297.41502031,4240.96922503,0.02609996,ETH,1635451200.0,3.539073751231714
1994,2,2021-10-28 21:00:00,4257.78347233,4257.36892353,4264.9080477,4220.76879981,0.02580762,ETH,1635454800.0,3.645971987682527
1995,2,2021-10-28 22:00:00,4259.04660645,4258.03387584,4278.13329092,4243.54327531,0.02559692,ETH,1635458400.0,3.8385293212948053
1996,2,2021-10-28 23:00:00,4258.18138047,4291.48234691,4293.37140391,4254.2247862,0.02608143,ETH,1635462000.0,3.7853566686257865
1997,2,2021-10-29 00:00:00,4291.4810665,4358.13417259,4362.64031144,4279.50806135,0.02794777,ETH,1635465600.0,3.792305211356992
1998,2,2021-10-29 01:00:00,4359.96609184,4359.79060016,4407.33990843,4349.43365612,0.02964483,ETH,1635469200.0,3.679787250832531
1999,2,2021-10-29 02:00:00,4361.4055263,4369.94510372,4388.92772986,4359.71485081,0.03116807,ETH,1635472800.0,3.5217245684011815
2000,2,2021-10-29 03:00:00,4367.96292397,4384.66321028,4400.89371559,4366.66932547,0.03266008,ETH,1635476400.0,3.6737647097603587
2001,2,2021-10-29 04:00:00,4386.32270414,4362.00590973,4390.81859369,4347.69378173,0.03356549,ETH,1635480000.0,3.665300098392916
2002,2,2021-10-29 05:00:00,4360.61380044,4326.81178052,4360.61380044,4314.75187435,0.0340951,ETH,1635483600.0,3.7474325866314335
2003,2,2021-10-29 06:00:00,4327.020239,4348.93721681,4356.82959137,4322.02893051,0.03459068,ETH,1635487200.0,3.7583746117034673
2004,2,2021-10-29 07:00:00,4348.83176213,4317.27853112,4348.83176213,4300.95609898,0.03485185,ETH,1635490800.0,3.6372731297034084
2005,2,2021-10-29 08:00:00,4316.35181071,4349.57996725,4350.94409364,4304.60791991,0.03512588,ETH,1635494400.0,3.7654086123784802
2006,2,2021-10-29 09:00:00,4349.50273502,4339.89627187,4368.50291265,4337.81484228,0.0351007,ETH,1635498000.0,3.8836000708675367
2007,2,2021-10-29 10:00:00,4341.77636738,4343.26641355,4357.77218423,4325.91642067,0.03503516,ETH,1635501600.0,3.7721016410799364
2008,2,2021-10-29 11:00:00,4342.82532669,4330.25664345,4342.82532669,4295.9003662,0.03459952,ETH,1635505200.0,3.45515870940752
2009,2,2021-10-29 12:00:00,4327.92008195,4325.14577965,4343.82313409,4309.76463417,0.0342962,ETH,1635508800.0,3.460773204785957
2010,2,2021-10-29 13:00:00,4326.62546342,4378.75282043,4382.78206486,4316.72474943,0.03406007,ETH,1635512400.0,3.6406656954928707
2011,2,2021-10-29 14:00:00,4376.45938465,4357.10569654,4383.86484384,4342.75105038,0.03366488,ETH,1635516000.0,3.7999687093823713
2012,2,2021-10-29 15:00:00,4356.64112857,4453.61286438,4457.95513456,4356.64112857,0.03366586,ETH,1635519600.0,3.6448606796791694
2013,2,2021-10-29 16:00:00,4452.028779,4438.21541306,4469.69292189,4422.49947124,0.0327042,ETH,1635523200.0,3.3434034819711855
2014,2,2021-10-29 17:00:00,4436.10569892,4427.57820248,4440.84784879,4424.27604447,0.03129096,ETH,1635526800.0,3.571835056129821
2015,2,2021-10-29 18:00:00,4431.10601847,4385.40626401,4431.10601847,4379.81115287,0.03030414,ETH,1635530400.0,3.431193244504795
2016,2,2021-10-29 19:00:00,4382.95806496,4413.38822911,4419.04460949,4358.71090892,0.02931308,ETH,1635534000.0,3.1862429341396084
2017,2,2021-10-29 20:00:00,4414.45730012,4412.89631553,4427.92984899,4405.89358137,0.02808634,ETH,1635537600.0,3.4321538673906042
2018,2,2021-10-29 21:00:00,4411.48181069,4428.80724858,4429.10669475,4403.30920589,0.02674609,ETH,1635541200.0,3.934460280631974
2019,2,2021-10-29 22:00:00,4430.07132752,4428.37823775,4436.57412246,4406.86957847,0.02543595,ETH,1635544800.0,4.005539151731557
2020,2,2021-10-29 23:00:00,4430.43037918,4430.95339503,4436.16884711,4415.09332985,0.02394112,ETH,1635548400.0,4.021812741160721
2021,2,2021-10-30 00:00:00,4422.99514006,4380.44999575,4429.62456098,4371.96148038,0.0216248,ETH,1635552000.0,3.7706659866547665
2022,2,2021-10-30 01:00:00,4380.77416835,4368.54052204,4387.54850966,4362.2006326,0.02080752,ETH,1635555600.0,3.4608454088144756
2023,2,2021-10-30 02:00:00,4367.46185529,4365.49187829,4367.90773677,4347.40388855,0.02016214,ETH,1635559200.0,3.7007797270955165
2024,2,2021-10-30 03:00:00,4366.24843108,4347.04243347,4366.24843108,4337.38341078,0.01926093,ETH,1635562800.0,3.4833296855621216
2025,2,2021-10-30 04:00:00,4344.71449749,4339.6587113,4359.73341795,4338.24832065,0.01827934,ETH,1635566400.0,3.5372668789395023
2026,2,2021-10-30 05:00:00,4341.66402685,4363.30770134,4368.1151998,4337.57314507,0.01749602,ETH,1635570000.0,3.5184488408787473
2027,2,2021-10-30 06:00:00,4362.83846198,4368.58549966,4383.96860848,4355.56002638,0.01678325,ETH,1635573600.0,3.255879001346732
2028,2,2021-10-30 07:00:00,4366.97260906,4353.59724048,4366.97260906,4350.69560795,0.0159356,ETH,1635577200.0,3.394011265935369
2029,2,2021-10-30 08:00:00,4353.61141664,4322.83841384,4353.95880101,4298.44862971,0.0144738,ETH,1635580800.0,3.6588610310795073
2030,2,2021-10-30 09:00:00,4323.85412163,4325.1655193,4333.92231394,4318.9208977,0.01333657,ETH,1635584400.0,3.820419210675395
2031,2,2021-10-30 10:00:00,4326.43919755,4352.78820806,4353.57053363,4317.69556142,0.01262053,ETH,1635588000.0,3.810616872819537
2032,2,2021-10-30 11:00:00,4353.79346378,4341.01512574,4361.14453896,4329.43880689,0.01105827,ETH,1635591600.0,3.3429232672279636
2033,2,2021-10-30 12:00:00,4339.35904266,4332.55385168,4343.91021884,4327.59082308,0.010601,ETH,1635595200.0,3.413645310813385
2034,2,2021-10-30 13:00:00,4332.50290164,4320.10889586,4348.8466582,4308.27103274,0.01009378,ETH,1635598800.0,3.6534506519665007
2035,2,2021-10-30 14:00:00,4317.06019762,4281.95274626,4320.70016409,4245.72302604,0.00980519,ETH,1635602400.0,3.6070192192909154
2036,2,2021-10-30 15:00:00,4282.76154552,4289.99961438,4300.15792774,4282.76154552,0.00943292,ETH,1635606000.0,3.6687959299039004
2037,2,2021-10-30 16:00:00,4290.35865897,4293.03841317,4310.42430731,4274.2371277,0.00941821,ETH,1635609600.0,3.7881709741550695
2038,2,2021-10-30 17:00:00,4293.26973867,4309.29337708,4327.29596598,4285.38692659,0.0095992,ETH,1635613200.0,3.699605546744744
2039,2,2021-10-30 18:00:00,4309.95034474,4330.56489828,4330.56489828,4307.50240202,0.00965794,ETH,1635616800.0,3.786618902880301
2040,2,2021-10-30 19:00:00,4330.01677716,4344.89978393,4344.89978393,4330.01677716,0.0096651,ETH,1635620400.0,3.7928985576692704
2041,2,2021-10-30 20:00:00,4344.82803238,4318.68924068,4348.39045144,4313.75693758,0.00972453,ETH,1635624000.0,3.2669708366730377
2042,2,2021-10-30 21:00:00,4316.89326084,4292.47142102,4316.89326084,4292.47142102,0.00999285,ETH,1635627600.0,3.097323964718194
2043,2,2021-10-30 22:00:00,4291.28451515,4294.91407738,4300.40582487,4259.63330284,0.01017492,ETH,1635631200.0,3.1283219438116934
2044,2,2021-10-30 23:00:00,4296.29003279,4329.93501641,4329.93501641,4296.29003279,0.01021232,ETH,1635634800.0,3.628016960208741
2045,2,2021-10-31 00:00:00,4330.59761981,4389.00382347,4389.11933853,4330.59761981,0.01019006,ETH,1635638400.0,3.4668570263104224
2046,2,2021-10-31 01:00:00,4391.24189005,4369.77665213,4396.78547358,4361.47428066,0.01019692,ETH,1635642000.0,3.15328409805154
2047,2,2021-10-31 02:00:00,4370.1228883,4372.40522585,4392.96170644,4361.82803983,0.01019172,ETH,1635645600.0,3.153394907638542
2048,2,2021-10-31 03:00:00,4372.78589485,4378.23450996,4383.93815333,4365.98148633,0.01020281,ETH,1635649200.0,3.5690331787370675
2049,2,2021-10-31 04:00:00,4378.58030446,4375.35181541,4385.99005179,4367.71313688,0.01016629,ETH,1635652800.0,3.560344827586207
2050,2,2021-10-31 05:00:00,4373.82939265,4335.6744041,4374.41875039,4325.21128869,0.01012706,ETH,1635656400.0,3.5909307119074043
2051,2,2021-10-31 06:00:00,4335.61720316,4325.96257663,4339.31786618,4310.12654341,0.01017393,ETH,1635660000.0,3.6248831931651315
2052,2,2021-10-31 07:00:00,4327.70120483,4326.74938322,4339.18862699,4323.798057,0.01023673,ETH,1635663600.0,3.548434622467772
2053,2,2021-10-31 08:00:00,4324.89607986,4280.32090236,4324.89607986,4270.18717777,0.00999394,ETH,1635667200.0,3.3800129785853343
2054,2,2021-10-31 09:00:00,4281.49902326,4270.13629861,4281.49902326,4253.1876214,0.00993885,ETH,1635670800.0,3.04532267776014
2055,2,2021-10-31 10:00:00,4269.2703267,4262.10078809,4286.60378659,4236.55000634,0.00999844,ETH,1635674400.0,3.062760416666667
2056,2,2021-10-31 11:00:00,4262.80232145,4217.72150049,4271.93723189,4207.32725197,0.01087208,ETH,1635678000.0,3.094990500949905
2057,2,2021-10-31 12:00:00,4215.43929253,4196.58773016,4227.66377598,4176.36985396,0.0117181,ETH,1635681600.0,4.24611801242236
2058,2,2021-10-31 13:00:00,4196.94391574,4214.27394287,4224.78500848,4183.15491835,0.01215926,ETH,1635685200.0,4.208171703328611
2059,2,2021-10-31 14:00:00,4213.49227315,4214.1248767,4239.85985347,4197.78535148,0.01233097,ETH,1635688800.0,3.6353259008409116
2060,2,2021-10-31 15:00:00,4215.07598856,4225.23646871,4230.86699097,4207.44891847,0.0122683,ETH,1635692400.0,3.18986782193537
2061,2,2021-10-31 16:00:00,4223.36519377,4245.97759641,4249.17005587,4207.6427837,0.01188116,ETH,1635696000.0,3.511848484848485
2062,2,2021-10-31 17:00:00,4247.17191212,4251.03776592,4265.18756893,4239.87786682,0.01187467,ETH,1635699600.0,3.733067848374154
2063,2,2021-10-31 18:00:00,4249.15213994,4257.92328151,4259.05327596,4228.24430678,0.01186369,ETH,1635703200.0,3.6701488050503532
2064,2,2021-10-31 19:00:00,4258.37072771,4257.00190424,4266.65244609,4253.00539381,0.01184523,ETH,1635706800.0,3.7236380862150638
2065,2,2021-10-31 20:00:00,4257.50329563,4273.88360057,4277.74001385,4244.7195637,0.01182087,ETH,1635710400.0,3.0528742893240683
2066,2,2021-10-31 21:00:00,4272.06896244,4313.27143675,4329.8499344,4272.06896244,0.01176135,ETH,1635714000.0,3.0540850003367686
2067,2,2021-10-31 22:00:00,4315.88114239,4302.41424125,4323.30267062,4302.41424125,0.01157111,ETH,1635717600.0,3.7163464155462416
2068,2,2021-10-31 23:00:00,4301.60941677,4293.93560024,4304.0930945,4282.85074146,0.01133271,ETH,1635721200.0,3.7245011497663376
2069,2,2021-11-01 00:00:00,4294.54533125,4323.45320869,4326.94013893,4291.85038707,0.01120464,ETH,1635724800.0,3.393797108612381
2070,2,2021-11-01 01:00:00,4324.41931925,4300.4180048,4324.41931925,4299.4229938,0.01117803,ETH,1635728400.0,3.411894004151911
2071,2,2021-11-01 02:00:00,4298.72051188,4240.44598596,4303.37102742,4203.6343369,0.01135114,ETH,1635732000.0,3.841532106646639
2072,2,2021-11-01 03:00:00,4241.09275738,4196.99564323,4242.02756948,4183.42354091,0.01175125,ETH,1635735600.0,3.628347064881565
2073,2,2021-11-01 04:00:00,4196.04266508,4233.61763944,4243.75094604,4159.09390766,0.01183374,ETH,1635739200.0,3.7080078125
2074,2,2021-11-01 05:00:00,4234.78957311,4231.02182921,4255.26567717,4228.69566023,0.01194579,ETH,1635742800.0,3.581209221400609
2075,2,2021-11-01 06:00:00,4229.32315348,4245.73540678,4258.10043576,4208.28619554,0.01199907,ETH,1635746400.0,3.2616202652646673
2076,2,2021-11-01 07:00:00,4247.01638022,4307.98712109,4321.43525161,4247.01638022,0.01201645,ETH,1635750000.0,3.253255572421507
2077,2,2021-11-01 08:00:00,4308.70390198,4315.39494033,4342.05378078,4300.58000497,0.01205324,ETH,1635753600.0,3.5291512154923774
2078,2,2021-11-01 09:00:00,4317.11513412,4322.400683,4345.76231601,4317.11513412,0.01210979,ETH,1635757200.0,3.4988527955560924
2079,2,2021-11-01 10:00:00,4323.09078008,4335.13035942,4340.47592786,4323.09078008,0.01219804,ETH,1635760800.0,3.507049510515715
2080,2,2021-11-01 11:00:00,4334.52290587,4319.70410844,4354.66221794,4314.19977699,0.01215778,ETH,1635764400.0,3.4722206393526696
2081,2,2021-11-01 12:00:00,4320.89229431,4351.81907138,4373.66731165,4318.74204402,0.01220095,ETH,1635768000.0,3.624398323068164
2082,2,2021-11-01 13:00:00,4351.92922164,4380.28870047,4380.28870047,4345.62714294,0.01257984,ETH,1635771600.0,3.6949641598833676
2083,2,2021-11-01 14:00:00,4380.19170449,4333.51939057,4380.19170449,4319.46694753,0.01266569,ETH,1635775200.0,3.720829860697702
2084,2,2021-11-01 15:00:00,4334.54891611,4353.95183916,4356.08418001,4331.81302337,0.01284946,ETH,1635778800.0,3.6719054610219257
2085,2,2021-11-01 16:00:00,4354.11004405,4300.7498833,4354.11004405,4300.7498833,0.01278774,ETH,1635782400.0,3.5236107554417413
2086,2,2021-11-01 17:00:00,4299.63071439,4287.98943593,4303.42085935,4275.14670447,0.01230427,ETH,1635786000.0,3.332506862658284
2087,2,2021-11-01 18:00:00,4288.82460792,4300.06034994,4305.43412549,4268.15019374,0.01197015,ETH,1635789600.0,3.487985499741067
2088,2,2021-11-01 19:00:00,4298.3349131,4367.04335193,4367.04335193,4293.92844661,0.01192277,ETH,1635793200.0,3.1952819721163586
